date,Bangalore,Chennai,Delhi,Hyderabad,Mumbai,Pune
2020-01-13,,,,,,
2020-01-14,,,,,,
2020-01-15,,,,,,
2020-01-16,,,,,,
2020-01-17,,,,,,
2020-01-18,,,,,,
2020-01-19,110.10142857142857,105.44000000000001,108.74857142857142,108.29857142857144,110.25,109.23
2020-01-20,110.91714285714285,107.78714285714285,110.35571428571428,110.73857142857143,110.76285714285714,110.07714285714285
2020-01-21,111.4542857142857,110.13714285714286,110.20000000000002,114.12285714285714,110.82428571428571,111.08857142857143
2020-01-22,113.10142857142857,113.60000000000001,110.70142857142858,117.55714285714285,111.12428571428572,111.94857142857143
2020-01-23,114.16714285714286,116.40428571428572,109.84,119.14857142857143,110.98,112.08571428571429
2020-01-24,115.05571428571429,119.09285714285714,108.24714285714286,120.99285714285715,109.7957142857143,111.51285714285713
2020-01-25,116.13857142857144,121.23142857142855,106.22000000000001,123.57857142857142,107.03428571428572,110.12571428571428
2020-01-26,116.56142857142856,121.05714285714285,105.32428571428571,124.96857142857142,106.22571428571429,108.78999999999999
2020-01-27,117.16142857142857,121.39,104.85714285714286,126.17428571428572,106.33285714285714,107.70285714285716
2020-01-28,117.42285714285715,119.58,106.13857142857141,128.08142857142857,106.71000000000001,107.95142857142856
2020-01-29,118.46000000000001,122.94571428571429,107.02428571428571,131.71285714285713,106.98,108.20285714285716
2020-01-30,118.6,124.49571428571429,110.18142857142857,134.7242857142857,108.23571428571428,109.71000000000001
2020-01-31,118.46714285714286,125.24285714285715,112.49142857142859,137.22142857142856,108.6842857142857,111.60571428571428
2020-02-01,117.15857142857143,125.44142857142857,114.27428571428571,137.64285714285714,109.56714285714285,112.22857142857143
2020-02-02,116.30428571428571,122.70571428571428,115.26285714285714,137.81285714285713,110.2642857142857,113.82571428571428
2020-02-03,115.5,121.74571428571429,115.74714285714286,137.64285714285714,109.87285714285714,114.69142857142856
2020-02-04,115.78999999999999,125.89428571428572,116.13000000000001,137.75714285714284,110.10285714285715,115.75714285714285
2020-02-05,115.0557142857143,123.2942857142857,114.40714285714286,136.3657142857143,109.34285714285714,115.19714285714284
2020-02-06,116.04857142857144,124.6542857142857,113.11857142857143,135.66285714285715,107.30857142857143,114.84571428571428
2020-02-07,117.4857142857143,126.22285714285714,113.44285714285715,136.90285714285713,107.38857142857144,115.88857142857144
2020-02-08,118.33857142857143,127.50571428571429,111.53571428571429,138.4742857142857,107.67285714285715,116.85857142857142
2020-02-09,118.69000000000001,128.65714285714287,114.7057142857143,140.09428571428572,108.91571428571429,116.57857142857144
2020-02-10,118.91,127.95,115.47714285714287,140.47142857142856,108.93285714285716,116.25142857142859
2020-02-11,118.34285714285716,127.57714285714287,114.62714285714286,141.58285714285714,108.57571428571428,115.04285714285716
2020-02-12,118.62142857142858,127.5557142857143,116.54285714285713,144.38714285714286,110.21714285714286,115.9542857142857
2020-02-13,117.57857142857142,125.81857142857142,116.67285714285715,146.84,112.41142857142857,117.30857142857144
2020-02-14,118.11857142857141,125.25999999999999,120.09285714285714,149.28857142857143,116.79857142857142,117.45285714285716
2020-02-15,118.19571428571429,123.20714285714287,124.10285714285715,149.43714285714285,117.63571428571429,118.34285714285714
2020-02-16,118.03714285714285,122.33857142857143,124.47142857142856,149.89285714285714,118.61999999999999,119.96714285714286
2020-02-17,118.77857142857142,121.44571428571429,123.77428571428571,150.54999999999998,119.57714285714285,120.27
2020-02-18,119.46000000000001,117.93571428571428,124.21714285714286,149.8857142857143,119.86,121.47857142857143
2020-02-19,119.87714285714286,117.25142857142858,123.20857142857143,147.12999999999997,118.74285714285715,121.20142857142858
2020-02-20,121.02,116.42857142857143,123.08714285714287,144.76714285714286,117.22857142857143,119.81714285714285
2020-02-21,118.10000000000001,115.71571428571428,119.65714285714286,139.99142857142857,111.10571428571428,116.85285714285715
2020-02-22,116.40857142857143,116.03857142857143,118.08714285714287,137.72142857142856,108.57285714285715,113.89142857142858
2020-02-23,116.66714285714286,115.56857142857143,116.50857142857141,135.4442857142857,106.58857142857144,111.29714285714286
2020-02-24,115.77285714285715,115.53142857142858,117.52,136.1757142857143,105.75428571428571,110.86428571428571
2020-02-25,116.53285714285713,118.94857142857143,119.18857142857142,138.47857142857143,105.84428571428573,110.08
2020-02-26,116.59285714285714,120.09571428571428,118.73142857142857,141.51,106.70142857142856,110.63428571428571
2020-02-27,116.10571428571428,119.47285714285715,118.16857142857143,144.76285714285714,107.29428571428572,109.80714285714286
2020-02-28,118.29142857142857,118.87285714285714,118.19142857142856,147.71142857142857,108.91285714285716,109.52142857142857
2020-02-29,120.58285714285714,118.86428571428571,116.98571428571428,150.51999999999998,109.23,109.54285714285713
2020-03-01,121.30714285714284,119.17,115.22285714285714,152.64714285714285,108.83285714285715,109.03428571428572
2020-03-02,121.11285714285714,118.77285714285713,113.63285714285715,151.76999999999998,108.00714285714285,108.30714285714286
2020-03-03,119.17714285714285,115.49714285714286,110.40142857142857,149.09714285714287,107.04428571428572,108.1257142857143
2020-03-04,117.20285714285714,115.96285714285715,109.39285714285714,145.0614285714286,105.75999999999999,106.63285714285715
2020-03-05,115.46857142857142,117.48142857142857,108.66571428571429,140.5914285714286,105.16571428571429,105.87142857142858
2020-03-06,113.37714285714286,116.17285714285715,108.90142857142858,136.6442857142857,104.77,106.51714285714286
2020-03-07,111.38428571428571,114.91,107.5757142857143,133.00714285714284,103.92428571428572,106.5657142857143
2020-03-08,108.75,114.00428571428571,104.23714285714286,129.29857142857142,102.50571428571428,106.40857142857143
2020-03-09,107.69857142857143,114.36857142857143,97.91142857142857,127.02571428571427,100.36142857142859,105.88
2020-03-10,106.59285714285714,113.38142857142857,93.21428571428571,126.58857142857143,97.04571428571428,104.18999999999998
2020-03-11,105.58857142857144,111.74571428571429,91.14,128.33285714285714,95.50142857142858,103.41571428571429
2020-03-12,103.72,110.07142857142857,89.66,129.81142857142856,93.00999999999999,101.97571428571429
2020-03-13,100.43142857142857,109.03571428571429,84.62857142857142,130.75857142857143,89.73285714285714,98.03285714285714
2020-03-14,96.20428571428572,106.83714285714287,82.55142857142857,130.94285714285712,85.80428571428571,95.1942857142857
2020-03-15,92.62714285714286,104.35857142857142,82.53571428571429,130.17714285714285,82.86857142857141,91.34571428571428
2020-03-16,89.34285714285714,101.69142857142856,85.52857142857144,129.39000000000001,81.18285714285715,88.18571428571428
2020-03-17,85.75285714285715,99.69857142857144,86.91714285714285,126.7042857142857,79.09285714285714,83.28714285714285
2020-03-18,81.43714285714286,95.35285714285715,84.41142857142857,122.57000000000001,74.57000000000001,77.63285714285713
2020-03-19,77.0657142857143,89.85428571428572,79.78857142857143,116.92142857142858,68.90285714285714,71.19142857142857
2020-03-20,71.90285714285714,83.00428571428573,74.78285714285714,108.86142857142856,62.01285714285715,64.44285714285715
2020-03-21,64.13285714285715,73.19857142857143,66.80142857142857,96.48142857142857,54.06714285714286,52.854285714285716
2020-03-22,57.18142857142857,63.86857142857143,58.11571428571428,83.89428571428572,46.75571428571429,43.82714285714286
2020-03-23,52.59571428571429,59.40571428571429,49.15,74.54857142857144,39.76142857142857,36.65285714285715
2020-03-24,46.19428571428572,50.791428571428575,40.57285714285714,63.39714285714286,33.38,30.580000000000002
2020-03-25,39.48142857142857,42.118571428571435,32.279999999999994,52.651428571428575,26.91857142857143,24.885714285714283
2020-03-26,33.66285714285714,34.440000000000005,25.37857142857143,42.63999999999999,21.92428571428572,21.05857142857143
2020-03-27,27.93285714285715,27.194285714285716,19.801428571428573,34.05285714285714,18.304285714285715,17.114285714285714
2020-03-28,24.455714285714286,23.002857142857145,17.22142857142857,28.66857142857143,16.841428571428573,15.468571428571428
2020-03-29,22.51142857142857,20.86285714285714,15.817142857142857,26.602857142857143,15.787142857142857,14.715714285714284
2020-03-30,19.197142857142858,15.982857142857142,14.621428571428572,23.34857142857143,14.777142857142858,13.531428571428572
2020-03-31,17.962857142857143,14.778571428571428,14.260000000000002,22.291428571428572,14.295714285714284,13.397142857142857
2020-04-01,17.507142857142856,14.587142857142856,14.267142857142856,20.60571428571429,14.634285714285713,13.117142857142856
2020-04-02,17.31,14.72,14.08,20.178571428571427,14.61857142857143,12.747142857142858
2020-04-03,17.091428571428573,15.01857142857143,13.684285714285712,20.072857142857146,14.095714285714285,11.987142857142857
2020-04-04,16.827142857142857,15.031428571428574,13.262857142857143,19.612857142857145,13.732857142857142,11.76
2020-04-05,16.345714285714287,14.467142857142859,12.892857142857142,19.204285714285714,13.44,11.448571428571428
2020-04-06,15.975714285714286,14.394285714285715,12.782857142857141,18.728571428571428,13.150000000000002,11.428571428571429
2020-04-07,15.934285714285716,14.527142857142858,12.682857142857143,18.85857142857143,12.944285714285714,11.281428571428572
2020-04-08,16.175714285714285,14.564285714285715,12.73,19.064285714285717,12.401428571428571,11.422857142857143
2020-04-09,16.235714285714288,14.59,12.657142857142858,19.25857142857143,11.957142857142857,11.154285714285715
2020-04-10,16.419999999999998,14.528571428571427,12.614285714285714,19.08142857142857,11.884285714285713,11.155714285714286
2020-04-11,16.37857142857143,14.665714285714285,12.584285714285715,19.147142857142857,11.758571428571429,11.102857142857145
2020-04-12,16.414285714285715,15.054285714285713,12.63857142857143,19.481428571428573,11.678571428571429,11.105714285714287
2020-04-13,16.61,14.98,12.774285714285716,19.73428571428571,11.61,11.054285714285713
2020-04-14,16.86857142857143,15.347142857142858,12.915714285714285,19.69142857142857,11.657142857142857,11.25
2020-04-15,16.845714285714283,15.497142857142858,12.887142857142859,19.657142857142855,11.687142857142858,11.282857142857141
2020-04-16,16.748571428571427,15.671428571428573,13.062857142857142,19.861428571428572,11.678571428571429,11.358571428571427
2020-04-17,16.571428571428573,15.982857142857144,13.215714285714286,20.094285714285714,11.67857142857143,11.662857142857144
2020-04-18,16.595714285714287,16.46857142857143,13.127142857142857,20.222857142857144,11.775714285714287,11.678571428571429
2020-04-19,16.93857142857143,16.687142857142856,13.11,20.13,11.81857142857143,11.664285714285713
2020-04-20,17.24285714285714,16.841428571428573,13.075714285714286,20.392857142857142,12.397142857142857,11.692857142857145
2020-04-21,17.181428571428572,17.03142857142857,12.91,20.464285714285715,12.401428571428571,11.778571428571427
2020-04-22,17.37285714285714,16.919999999999998,12.71142857142857,20.145714285714284,12.402857142857142,11.622857142857141
2020-04-23,17.59714285714286,17.235714285714284,12.722857142857142,19.708571428571428,12.491428571428571,11.695714285714287
2020-04-24,17.80857142857143,17.685714285714283,12.611428571428572,19.618571428571432,12.54142857142857,11.67
2020-04-25,18.205714285714286,16.988571428571426,12.654285714285715,19.509999999999998,12.534285714285716,11.581428571428571
2020-04-26,18.204285714285714,16.349999999999998,12.805714285714286,19.40857142857143,12.612857142857141,11.585714285714285
2020-04-27,18.034285714285716,15.988571428571428,12.828571428571431,19.24857142857143,12.352857142857143,11.562857142857142
2020-04-28,18.02285714285714,15.368571428571428,12.925714285714287,19.075714285714287,12.545714285714286,11.620000000000001
2020-04-29,18.19857142857143,15.542857142857141,13.132857142857144,19.334285714285716,12.751428571428573,11.661428571428573
2020-04-30,18.357142857142858,15.424285714285714,13.347142857142856,19.78857142857143,12.974285714285715,11.764285714285714
2020-05-01,18.71857142857143,15.031428571428572,13.675714285714283,20.172857142857143,13.06857142857143,11.972857142857142
2020-05-02,19.14428571428571,15.515714285714285,13.985714285714284,20.827142857142857,13.411428571428571,12.422857142857142
2020-05-03,20.237142857142857,16.612857142857145,14.308571428571428,21.875714285714285,13.808571428571428,12.86857142857143
2020-05-04,22.15142857142857,17.778571428571432,15.20857142857143,22.844285714285714,14.324285714285713,13.620000000000001
2020-05-05,24.122857142857146,19.208571428571428,16.141428571428573,23.815714285714286,14.819999999999999,14.095714285714285
2020-05-06,26.11428571428571,20.101428571428574,16.86285714285714,25.232857142857146,15.382857142857143,14.98857142857143
2020-05-07,28.00142857142857,21.091428571428573,17.345714285714287,26.514285714285716,16.12142857142857,15.857142857142858
2020-05-08,30.01285714285714,21.858571428571427,18.225714285714286,28.11285714285714,17.097142857142856,16.92142857142857
2020-05-09,31.947142857142858,22.65142857142857,19.142857142857142,28.91714285714286,17.72,17.697142857142858
2020-05-10,32.86714285714286,23.444285714285716,19.92142857142857,29.270000000000003,18.442857142857143,18.41857142857143
2020-05-13,33.458571428571425,24.009999999999998,20.368571428571425,30.067142857142862,19.00142857142857,18.857142857142858
2020-05-14,34.112857142857145,24.818571428571428,20.735714285714284,30.964285714285715,19.342857142857145,19.419999999999998
2020-05-15,34.50714285714286,25.684285714285718,21.314285714285713,31.797142857142855,20.122857142857146,20.23428571428571
2020-05-16,35.722857142857144,26.472857142857144,21.800000000000004,32.605714285714285,20.275714285714287,20.694285714285712
2020-05-17,36.08714285714286,27.34857142857143,22.284285714285712,33.01428571428572,20.437142857142856,20.889999999999997
2020-05-18,36.255714285714284,28.275714285714287,23.601428571428574,34.28428571428571,20.91,21.21
2020-05-19,37.002857142857145,29.155714285714282,25.16714285714286,35.90714285714286,20.95,21.594285714285714
2020-05-20,37.535714285714285,29.77,26.45142857142857,37.285714285714285,20.87857142857143,21.722857142857144
2020-05-21,38.05428571428571,30.558571428571433,27.744285714285716,39.027142857142856,20.87,21.727142857142855
2020-05-22,39.285714285714285,31.25714285714286,28.884285714285713,40.494285714285716,20.34857142857143,21.791428571428575
2020-05-23,38.794285714285714,31.722857142857144,30.05142857142857,42.28285714285715,20.12,22.141428571428573
2020-05-24,38.12714285714286,32.41142857142857,30.458571428571428,43.56,19.43285714285714,22.254285714285714
2020-05-25,39.52571428571429,33.36142857142857,30.707142857142856,44.471428571428575,19.02285714285714,22.66142857142857
2020-05-26,40.76,33.988571428571426,30.87285714285714,46.16571428571429,18.98,23.018571428571427
2020-05-27,41.53857142857142,34.53285714285714,31.02857142857143,47.62285714285714,18.795714285714286,23.625714285714285
2020-05-28,42.699999999999996,34.55714285714286,31.314285714285713,48.379999999999995,19.011428571428574,24.275714285714287
2020-05-29,43.644285714285715,34.70285714285715,31.48428571428571,49.91714285714285,19.30857142857143,24.65
2020-05-30,45.90714285714286,35.32285714285714,31.745714285714286,51.645714285714284,19.50857142857143,25.207142857142856
2020-05-31,48.191428571428574,36.455714285714286,32.65571428571429,53.185714285714276,20.391428571428573,25.678571428571427
2020-06-01,48.75142857142857,36.575714285714284,33.535714285714285,55.021428571428565,21.111428571428572,26.22714285714286
2020-06-02,49.707142857142856,37.082857142857144,33.85285714285715,56.73571428571428,21.287142857142857,26.321428571428573
2020-06-03,50.97285714285714,37.88285714285714,34.19571428571429,58.08714285714285,21.092857142857145,25.890000000000004
2020-06-04,51.51428571428572,38.455714285714286,34.432857142857145,59.74714285714286,21.422857142857143,26.22857142857143
2020-06-05,52.24857142857143,38.95285714285715,35.230000000000004,60.92857142857143,22.22142857142857,27.178571428571427
2020-06-06,53.45,39.49714285714286,35.80285714285714,62.22571428571429,23.060000000000002,28.310000000000002
2020-06-07,54.43142857142857,38.74285714285714,36.51571428571429,64.16142857142857,24.262857142857143,29.794285714285714
2020-06-08,55.07714285714286,39.07857142857143,37.221428571428575,65.49857142857142,26.062857142857148,31.12857142857143
2020-06-09,55.971428571428575,38.70142857142857,38.37428571428571,66.32714285714286,28.087142857142858,32.677142857142854
2020-06-10,56.444285714285705,38.847142857142856,39.65714285714286,67.35857142857144,30.537142857142857,35.15714285714286
2020-06-11,57.137142857142855,38.824285714285715,40.87428571428571,68.43714285714286,31.945714285714285,36.67285714285715
2020-06-12,57.699999999999996,38.88571428571429,41.73571428571429,69.27428571428571,33.25142857142857,37.80428571428571
2020-06-13,58.04714285714285,38.90714285714286,42.715714285714284,70.38714285714285,34.23285714285714,39.62285714285714
2020-06-14,58.56428571428571,38.77428571428572,42.94857142857143,70.75571428571428,34.40428571428571,39.72714285714285
2020-06-15,58.58714285714286,38.82857142857143,42.9,71.05999999999999,34.19,39.854285714285716
2020-06-16,58.00857142857143,39.60285714285715,42.451428571428565,70.36,33.971428571428575,40.09428571428571
2020-06-17,57.83571428571429,40.33714285714286,42.06428571428571,70.25857142857141,33.77285714285715,40.38142857142857
2020-06-18,58.17,39.59142857142857,41.55571428571428,69.83428571428571,33.72428571428571,40.65714285714286
2020-06-19,58.56142857142857,36.68,41.174285714285716,69.72714285714287,33.494285714285716,41.228571428571435
2020-06-20,57.45428571428572,33.21142857142857,40.534285714285716,67.30714285714285,33.06428571428572,40.32857142857143
2020-06-21,56.33142857142857,31.055714285714284,40.70142857142857,65.53999999999999,33.26285714285714,41.23857142857143
2020-06-22,56.90285714285715,28.354285714285712,41.54,65.46571428571428,33.964285714285715,42.56142857142857
2020-06-23,57.43857142857143,25.645714285714288,42.6,66.29714285714286,34.721428571428575,44.11142857142857
2020-06-24,58.074285714285715,22.020000000000003,43.43571428571429,66.42142857142856,35.824285714285715,44.8
2020-06-25,57.751428571428576,20.262857142857143,44.39142857142856,66.63428571428571,36.62428571428571,45.59571428571429
2020-06-26,57.41142857142857,20.271428571428572,45.45428571428571,66.92571428571429,37.18857142857143,46.182857142857145
2020-06-27,58.97428571428571,20.23428571428571,46.96285714285714,68.52285714285715,38.068571428571424,48.042857142857144
2020-06-28,59.924285714285716,20.09142857142857,48.34142857142857,69.61,39.39857142857142,49.199999999999996
2020-06-29,59.21714285714285,20.018571428571427,48.82285714285714,69.8442857142857,39.57714285714285,49.527142857142856
2020-06-30,58.83142857142857,20.068571428571428,49.27285714285714,69.52714285714286,38.684285714285714,49.11142857142857
2020-07-01,58.38857142857143,20.454285714285714,50.09142857142857,68.99571428571429,37.16285714285714,49.76285714285715
2020-07-02,58.38285714285714,20.382857142857144,50.737142857142864,68.44857142857143,35.87428571428571,49.92714285714286
2020-07-03,58.23428571428572,20.715714285714284,51.25714285714286,67.53142857142858,34.26857142857143,50.348571428571425
2020-07-04,55.870000000000005,20.955714285714286,51.89857142857143,66.97857142857143,32.59285714285714,49.97857142857142
2020-07-05,53.222857142857144,22.474285714285713,52.611428571428576,66.86714285714285,30.298571428571428,49.07571428571429
2020-07-06,52.65428571428571,25.050000000000004,53.23142857142857,66.05571428571429,28.884285714285713,48.142857142857146
2020-07-07,51.97428571428571,27.12714285714286,53.784285714285716,65.03,28.654285714285717,47.46142857142856
2020-07-08,51.05571428571428,29.488571428571426,54.10000000000001,64.30142857142857,29.011428571428574,46.66285714285714
2020-07-09,49.892857142857146,32.278571428571425,54.614285714285714,64.30428571428571,29.595714285714283,46.01714285714286
2020-07-10,49.18142857142857,35.674285714285716,54.95,64.83142857142857,30.732857142857146,45.48714285714285
2020-07-11,48.80285714285714,38.38142857142857,54.80428571428571,65.26285714285714,31.895714285714288,45.48285714285714
2020-07-12,49.80142857142857,38.79571428571428,54.58428571428571,65.82142857142857,32.64142857142857,45.71857142857142
2020-07-13,51.64857142857143,39.59285714285714,54.97714285714286,66.02285714285713,33.208571428571425,44.30285714285714
2020-07-14,50.67,39.895714285714284,55.60142857142858,66.37285714285714,34.208571428571425,41.61
2020-07-15,47.19285714285714,40.25571428571429,56.11285714285714,66.50142857142858,34.24142857142857,38.01571428571429
2020-07-16,43.99,40.62571428571429,56.925714285714285,66.81857142857143,34.465714285714284,34.857142857142854
2020-07-17,40.144285714285715,41.08142857142857,57.85428571428571,66.63428571428571,34.73142857142857,31.467142857142854
2020-07-18,36.972857142857144,40.94857142857143,58.440000000000005,66.57285714285715,34.964285714285715,27.30142857142857
2020-07-19,34.074285714285715,41.49857142857143,59.68714285714286,65.41,35.48285714285714,24.450000000000006
2020-07-20,29.055714285714288,42.191428571428574,60.62714285714286,65.44571428571429,35.97714285714286,23.657142857142855
2020-07-21,27.82428571428571,43.07,61.462857142857146,66.19000000000001,36.20142857142857,24.400000000000002
2020-07-22,31.33142857142857,43.73285714285714,62.61571428571428,66.97428571428571,37.065714285714286,25.390000000000004
2020-07-23,34.902857142857144,44.13,62.997142857142855,67.06428571428572,37.71714285714285,27.18285714285715
2020-07-24,39.02285714285714,44.72857142857142,63.66428571428572,67.77714285714286,38.32,29.92428571428572
2020-07-25,42.699999999999996,45.582857142857144,64.40142857142857,68.43571428571428,39.14142857142857,33.18571428571429
2020-07-26,45.26571428571429,45.721428571428575,64.42142857142856,70.11285714285714,39.65428571428571,36.03857142857142
2020-07-27,48.98857142857143,45.792857142857144,64.98428571428572,71.07714285714285,39.97571428571428,38.478571428571435
2020-07-28,51.598571428571425,45.707142857142856,65.10714285714285,71.42285714285715,40.17142857142857,41.00714285714286
2020-07-29,52.895714285714284,45.521428571428565,64.94857142857143,72.25714285714285,40.537142857142854,43.87571428571429
2020-07-30,53.21714285714285,45.66857142857142,65.45714285714286,72.74,40.86142857142857,45.98857142857143
2020-07-31,53.464285714285715,45.752857142857145,65.87142857142857,72.14714285714287,41.44857142857143,47.44142857142857
2020-08-01,54.94428571428572,45.82285714285714,66.20857142857143,72.41,41.87142857142857,49.138571428571424
2020-08-02,56.824285714285715,45.97714285714285,67.16571428571429,72.67857142857143,42.52285714285714,50.13142857142857
2020-08-03,57.51428571428572,46.41571428571428,68.16714285714286,73.00571428571428,43.620000000000005,51.18142857142857
2020-08-04,57.67285714285714,47.339999999999996,68.80857142857143,73.81857142857143,43.857142857142854,51.785714285714285
2020-08-05,57.45857142857143,48.73285714285714,69.79714285714286,75.03857142857143,45.32285714285714,52.45428571428572
2020-08-06,58.082857142857144,50.08285714285715,70.83428571428571,76.1557142857143,46.135714285714286,52.66428571428571
2020-08-07,59.371428571428574,50.93,72.13857142857142,78.05285714285715,47.49428571428571,53.751428571428576
2020-08-08,60.50714285714286,52.111428571428576,74.01571428571428,79.92999999999999,49.00857142857143,54.49857142857143
2020-08-09,61.56142857142857,52.50428571428572,75.30142857142857,80.82285714285715,50.66285714285715,55.512857142857136
2020-08-10,61.83428571428571,53.09142857142857,75.77714285714285,81.24142857142859,52.401428571428575,56.371428571428574
2020-08-11,63.082857142857144,53.17857142857143,75.93285714285715,81.81000000000002,54.07142857142857,57.07857142857143
2020-08-12,64.03285714285714,53.23857142857143,75.67714285714285,82.0942857142857,53.49,57.605714285714285
2020-08-13,65.24571428571429,53.308571428571426,75.84857142857143,82.78142857142858,54.98571428571428,58.715714285714284
2020-08-14,65.77285714285715,54.06714285714286,75.72428571428573,82.58142857142856,55.291428571428575,58.38428571428572
2020-08-15,66.13285714285715,53.544285714285714,73.84714285714287,80.96428571428571,54.18285714285714,58.24857142857143
2020-08-16,66.56,54.26571428571429,74.47571428571429,80.87714285714286,54.15857142857142,58.667142857142856
2020-08-17,67.21571428571428,54.99428571428571,76.38857142857144,81.49,54.30714285714286,58.574285714285715
2020-08-18,67.22857142857143,56.05285714285714,78.48,80.44714285714285,54.65857142857142,59.355714285714285
2020-08-19,67.31857142857143,57.25,79.89142857142858,79.02857142857142,56.14714285714286,59.99857142857143
2020-08-20,67.19,59.561428571428564,81.01142857142858,78.35857142857142,56.39857142857143,60.8657142857143
2020-08-21,65.96571428571428,59.26428571428572,82.75714285714285,77.61857142857143,56.1,60.25571428571429
2020-08-22,65.09,59.631428571428565,85.95142857142858,77.85000000000001,56.40857142857142,59.20857142857143
2020-08-23,66.60142857142857,61.707142857142856,86.59,79.63857142857144,56.607142857142854,59.12571428571429
2020-08-24,67.43428571428572,63.31714285714286,85.67142857142858,80.62428571428572,56.667142857142856,59.041428571428575
2020-08-25,67.97142857142856,64.38571428571429,85.58857142857144,82.03428571428572,57.16285714285715,58.87714285714286
2020-08-26,68.73571428571428,64.60857142857142,86.30714285714286,84.11142857142856,57.31285714285714,58.57571428571429
2020-08-27,70.67142857142856,65.04857142857144,86.59857142857142,85.63571428571429,56.787142857142854,58.04857142857143
2020-08-28,73.56285714285715,67.01428571428572,86.78714285714285,88.15,58.040000000000006,60.058571428571426
2020-08-29,77.64,69.75000000000001,87.72571428571428,91.05285714285715,59.589999999999996,62.94142857142857
2020-08-30,78.84,70.16142857142857,88.35142857142857,92.11285714285714,60.45857142857143,64.29428571428572
2020-08-31,79.39999999999999,70.32000000000001,89.13285714285713,92.94142857142856,60.94857142857143,66.16571428571429
2020-09-01,79.98,71.12857142857142,89.41714285714286,93.87714285714286,61.34285714285714,66.86857142857143
2020-09-02,79.94000000000001,72.29142857142857,89.41714285714285,94.52285714285713,62.777142857142856,68.22714285714285
2020-09-03,79.42142857142858,72.61285714285714,89.12285714285714,96.18714285714285,64.35285714285715,70.47
2020-09-04,79.50714285714285,73.22857142857143,89.06857142857143,97.75714285714285,65.38714285714285,71.67
2020-09-05,79.51714285714286,75.32428571428571,90.0957142857143,99.99142857142856,67.38857142857144,72.59857142857143
2020-09-06,79.23571428571428,77.34714285714287,90.55571428571427,100.52571428571427,68.93714285714286,73.26285714285714
2020-09-07,79.12142857142855,77.4742857142857,90.9557142857143,100.92857142857143,70.24857142857142,73.69714285714285
2020-09-08,79.38857142857144,78.76571428571428,91.53571428571429,102.46571428571428,70.83714285714287,73.77285714285715
2020-09-09,79.56857142857143,78.99142857142859,92.02571428571427,103.71142857142857,70.43142857142857,74.32000000000001
2020-09-10,79.95285714285716,78.38142857142857,92.38857142857144,103.80285714285715,70.41571428571429,73.66285714285716
2020-09-11,80.07571428571428,78.65857142857143,91.82285714285715,103.46000000000001,70.74714285714286,72.93285714285715
2020-09-12,80.81142857142858,79.85857142857142,90.64714285714285,104.58428571428571,71.34857142857143,74.14
2020-09-13,81.05142857142857,81.55714285714285,89.97571428571429,106.24000000000001,70.92571428571428,74.20714285714287
2020-09-14,81.16142857142857,82.10285714285715,88.5557142857143,106.59857142857143,70.52857142857142,73.26714285714286
2020-09-15,81.23571428571428,81.83714285714287,86.88428571428571,106.59285714285716,70.45857142857143,73.38571428571429
2020-09-16,82.15428571428572,82.55714285714285,86.08285714285715,107.32571428571428,70.75,72.89571428571429
2020-09-17,83.25285714285714,85.00428571428571,86.54857142857142,108.24000000000001,72.2957142857143,73.9057142857143
2020-09-18,84.75,86.19857142857143,88.00428571428571,110.5942857142857,73.19714285714285,75.39285714285714
2020-09-19,85.00857142857144,86.92857142857143,88.45285714285714,110.52142857142857,73.23857142857143,74.52285714285715
2020-09-20,85.38714285714286,87.30999999999999,88.42142857142858,110.47571428571428,73.50428571428571,75.17
2020-09-21,85.97857142857141,87.63857142857144,89.04285714285713,111.82285714285715,73.71714285714286,76.29714285714286
2020-09-22,86.60857142857142,88.04714285714284,90.23857142857143,112.97142857142858,74.6657142857143,77.33
2020-09-23,86.53857142857143,88.31571428571428,90.53285714285714,113.93714285714285,74.03571428571429,78.00428571428571
2020-09-24,85.21857142857142,86.95714285714287,90.0,113.26714285714286,73.15142857142858,76.96142857142857
2020-09-25,83.6557142857143,86.63857142857144,88.74428571428572,111.31428571428572,72.31428571428572,76.37857142857142
2020-09-26,83.92285714285715,86.71142857142857,88.33285714285715,111.60428571428572,71.70857142857143,76.9057142857143
2020-09-27,82.76285714285714,86.4542857142857,88.55571428571429,113.17285714285713,71.69285714285715,77.12714285714286
2020-09-28,81.91857142857143,86.52714285714285,88.50714285714285,113.73285714285714,71.22142857142858,76.99142857142859
2020-09-29,81.63285714285715,86.02857142857144,88.01714285714284,114.19428571428571,70.60428571428572,77.23142857142857
2020-09-30,82.24,86.30285714285715,88.4042857142857,114.50571428571428,71.47857142857143,77.96428571428571
2020-10-01,84.55857142857143,87.03571428571429,89.14285714285714,116.20714285714284,71.25428571428571,80.01857142857143
2020-10-02,85.66999999999999,87.02285714285713,88.87142857142858,119.32000000000001,70.9057142857143,81.88714285714286
2020-10-03,84.92428571428572,86.72285714285714,90.56285714285714,121.1657142857143,71.36571428571429,83.05714285714286
2020-10-04,85.87714285714286,85.9,90.66571428571429,120.50428571428571,71.46142857142857,83.93142857142857
2020-10-05,86.48714285714286,85.7757142857143,90.75714285714287,120.50714285714285,72.19142857142857,84.33714285714287
2020-10-06,86.30428571428571,85.65285714285713,91.10000000000001,119.74857142857142,72.48,84.65142857142858
2020-10-07,85.91142857142857,84.51857142857143,91.03,118.85571428571428,72.36285714285715,84.86571428571428
2020-10-08,84.17428571428572,83.25428571428571,90.93142857142857,119.06000000000002,72.70285714285714,84.06714285714285
2020-10-09,83.78714285714285,83.65,92.12714285714286,119.74714285714286,74.41571428571429,83.50571428571428
2020-10-10,83.72285714285714,84.04428571428572,91.58428571428571,118.88857142857144,75.62714285714286,83.92857142857143
2020-10-11,83.61571428571429,85.42428571428572,92.28142857142858,118.92,76.36857142857143,83.4542857142857
2020-10-12,83.45,85.60285714285715,92.99142857142856,117.12857142857145,75.84571428571428,83.9542857142857
2020-10-13,84.06714285714285,85.53428571428572,93.61714285714285,115.80714285714285,76.81285714285715,84.10857142857142
2020-10-14,83.86285714285714,86.29142857142858,94.39857142857143,112.5842857142857,78.55714285714285,83.78
2020-10-15,83.19714285714285,86.53,94.63857142857141,109.32285714285716,79.63857142857144,81.97
2020-10-16,83.23142857142857,85.96428571428571,94.38571428571427,105.62142857142858,79.23571428571428,80.95714285714284
2020-10-17,84.40142857142857,86.62,93.23857142857142,105.70714285714287,79.22142857142856,80.31285714285714
2020-10-18,85.7242857142857,85.55,93.11285714285714,104.64285714285714,79.62142857142858,81.14285714285714
2020-10-19,86.6842857142857,85.68714285714285,92.76142857142858,105.06571428571428,80.93142857142857,81.53999999999999
2020-10-20,87.14857142857143,86.53714285714285,92.88571428571427,104.97571428571428,81.54857142857144,81.62571428571428
2020-10-21,88.12142857142858,87.28142857142858,92.33857142857143,107.73571428571428,81.49428571428572,82.56428571428572
2020-10-22,89.91857142857143,88.82285714285715,91.86285714285714,109.71571428571428,81.93285714285715,85.60285714285715
2020-10-23,91.25714285714285,90.44571428571429,91.88571428571429,109.75571428571428,82.78857142857143,86.57857142857142
2020-10-24,89.46857142857144,88.72857142857143,92.81714285714285,104.80857142857143,82.79142857142858,85.17857142857143
2020-10-25,88.62,90.63428571428571,92.37714285714286,102.11142857142856,82.23285714285714,84.08285714285715
2020-10-26,89.26714285714286,92.38571428571427,92.35428571428572,102.77857142857144,82.47571428571429,85.44571428571429
2020-10-27,89.91714285714285,93.79714285714284,92.49,105.88999999999999,82.9,87.40857142857143
2020-10-28,91.73,95.24714285714286,93.32428571428571,108.89714285714285,83.67999999999999,89.02714285714286
2020-10-29,92.44285714285715,96.08857142857143,94.41285714285716,111.81857142857142,83.55857142857143,89.68571428571428
2020-10-30,92.4057142857143,96.68857142857142,95.48,115.86714285714287,84.25,91.95428571428572
2020-10-31,94.54285714285713,99.24,97.06714285714285,122.36428571428571,86.77857142857144,97.25285714285714
2020-11-01,95.94857142857143,99.67142857142858,98.36857142857143,127.24285714285715,89.22571428571429,100.91285714285713
2020-11-02,96.39142857142858,99.34,98.82000000000001,128.67857142857142,91.14714285714285,101.63
2020-11-03,96.87571428571428,100.10571428571427,98.25,128.49571428571429,91.98,102.11571428571428
2020-11-04,95.97571428571429,99.56142857142856,96.62714285714286,127.73285714285714,91.96857142857142,101.91285714285713
2020-11-05,95.53,99.35857142857142,96.47999999999999,126.90428571428572,92.89,102.26428571428572
2020-11-06,96.23,99.71000000000001,96.92142857142856,126.36428571428571,93.62571428571428,102.39999999999999
2020-11-07,97.71571428571428,99.95428571428572,97.52571428571427,127.18428571428572,94.5,101.7357142857143
2020-11-08,98.3457142857143,99.71142857142857,97.48714285714286,127.08714285714284,95.08285714285715,101.15285714285714
2020-11-09,97.73142857142857,99.85285714285715,98.06142857142858,126.73142857142857,94.8,100.92571428571429
2020-11-10,97.19714285714288,98.58285714285715,99.1657142857143,127.05285714285715,95.25571428571428,100.39571428571428
2020-11-11,97.49285714285713,98.62285714285714,101.59,127.71142857142857,96.88857142857144,101.02285714285713
2020-11-12,97.90714285714284,98.4057142857143,101.89142857142858,127.67142857142858,98.26571428571428,101.31285714285715
2020-11-13,96.50285714285714,94.36714285714287,98.75857142857144,125.21571428571428,96.95285714285714,97.85571428571428
2020-11-14,91.62857142857145,88.01142857142858,90.01857142857143,117.05428571428571,91.44571428571429,91.03857142857143
2020-11-15,88.84714285714286,86.64285714285714,87.17999999999999,116.0185714285714,90.13428571428571,89.20714285714284
2020-11-16,89.51857142857143,85.74857142857142,87.21285714285715,117.73428571428569,90.15142857142857,89.61714285714287
2020-11-17,90.61000000000001,85.98285714285714,86.82571428571428,119.29142857142857,89.38428571428571,91.00428571428571
2020-11-18,93.28142857142858,86.76571428571428,86.07285714285715,120.1742857142857,89.22857142857143,92.2
2020-11-19,94.3142857142857,89.61714285714287,85.41142857142857,123.22857142857141,88.21428571428571,94.28999999999999
2020-11-20,96.98857142857143,94.43142857142857,87.23428571428572,129.31714285714287,89.98,99.71000000000001
2020-11-21,102.85571428571428,102.41285714285716,94.39999999999999,140.66428571428568,95.51428571428572,109.36999999999999
2020-11-22,107.08571428571429,104.32571428571428,96.66714285714286,144.52142857142857,96.90428571428572,113.4
2020-11-23,108.14285714285714,104.40714285714286,95.85857142857142,145.21285714285713,96.70428571428572,115.34857142857142
2020-11-24,109.36,99.81142857142858,96.08285714285715,148.0257142857143,96.66,116.43142857142857
2020-11-25,108.72,92.68571428571428,98.47857142857143,151.68285714285713,95.21142857142857,116.7757142857143
2020-11-26,109.24857142857142,87.48714285714286,102.28571428571429,152.40285714285713,94.64142857142858,117.22142857142856
2020-11-27,109.02571428571427,85.11714285714287,105.55857142857144,149.82142857142858,94.02714285714286,117.70285714285714
2020-11-28,108.67285714285713,82.29857142857144,106.43714285714285,148.06428571428572,93.38,117.88142857142857
2020-11-29,107.85428571428572,80.50857142857141,107.59714285714286,148.04285714285714,92.72,118.81285714285714
2020-11-30,107.59428571428573,81.85000000000001,110.58571428571429,146.84714285714287,93.57571428571428,119.53
2020-12-01,107.71714285714286,86.25285714285714,113.60428571428572,143.50857142857143,94.32142857142857,119.36285714285714
2020-12-02,107.29571428571428,92.83714285714287,113.0442857142857,140.4,94.97857142857141,118.7942857142857
2020-12-03,107.55142857142857,96.2142857142857,110.97285714285714,139.09428571428572,95.39714285714285,118.14857142857144
2020-12-04,107.10000000000001,96.11714285714287,109.74714285714285,140.12571428571428,95.97000000000001,118.03999999999999
2020-12-05,107.33571428571429,96.82428571428571,111.07428571428571,141.1157142857143,97.13428571428571,119.15142857142857
2020-12-06,108.94285714285715,98.55714285714285,114.30285714285715,143.0,98.75,119.29428571428572
2020-12-07,109.32285714285715,98.47285714285714,115.25,144.68428571428572,97.90714285714286,118.24714285714286
2020-12-08,108.43285714285715,98.68857142857144,112.78571428571429,146.90714285714284,97.07571428571428,118.71000000000001
2020-12-09,110.83285714285715,100.4342857142857,116.19142857142856,151.3414285714286,100.03,120.88000000000001
2020-12-10,111.86142857142856,102.23714285714287,119.62571428571428,154.0142857142857,101.67285714285715,121.90142857142857
2020-12-11,113.41857142857143,105.62285714285713,122.12285714285714,156.39857142857142,103.36285714285714,122.87571428571428
2020-12-12,113.94000000000001,108.51285714285713,121.97999999999999,156.8542857142857,103.86142857142859,122.38000000000001
2020-12-13,113.33714285714287,109.40142857142858,119.91857142857143,155.7657142857143,104.59428571428573,122.35857142857142
2020-12-14,114.43999999999998,111.26714285714286,118.7942857142857,155.81714285714287,106.32285714285715,123.65571428571427
2020-12-15,114.96571428571428,112.14428571428572,119.02142857142857,154.91142857142856,108.59714285714286,124.24714285714285
2020-12-16,111.92857142857143,110.97,114.29285714285713,151.42428571428573,107.1657142857143,124.12571428571427
2020-12-17,110.91428571428573,109.86571428571428,109.94428571428571,150.21142857142857,106.89,124.1557142857143
2020-12-18,111.72857142857143,109.64857142857144,106.84,150.09142857142857,107.34,125.69714285714285
2020-12-19,113.26857142857143,110.57714285714285,107.01857142857143,150.6042857142857,109.18999999999998,127.10142857142857
2020-12-20,113.62857142857142,111.12714285714286,106.99714285714286,150.4157142857143,109.82000000000002,128.83285714285714
2020-12-21,113.05142857142859,110.03428571428572,106.36857142857143,150.03714285714287,109.54714285714286,128.69285714285715
2020-12-22,113.55999999999999,110.62142857142858,107.71142857142857,151.37000000000003,109.52857142857144,129.52142857142857
2020-12-23,115.52285714285713,111.96142857142857,109.54714285714286,153.27,110.85142857142856,130.49285714285716
2020-12-24,117.97857142857144,114.04,112.97714285714287,155.03571428571428,113.1557142857143,134.55285714285714
2020-12-25,117.52000000000001,114.39,116.42857142857143,154.58714285714288,112.88142857142859,136.43571428571428
2020-12-26,114.45428571428572,112.62285714285714,116.04142857142857,152.69,110.32000000000001,136.52428571428572
2020-12-27,114.07285714285715,112.59571428571428,116.65714285714286,154.14857142857142,110.23428571428572,138.17857142857142
2020-12-28,114.73714285714286,113.01142857142858,117.2942857142857,155.0957142857143,109.96571428571428,139.39000000000001
2020-12-29,115.18714285714286,113.19428571428571,117.58285714285715,154.07285714285715,109.8157142857143,139.94
2020-12-30,114.69714285714288,113.33714285714287,117.9242857142857,152.54,109.04285714285716,140.48
2020-12-31,112.12571428571428,111.80142857142856,117.75428571428571,150.31857142857143,108.05999999999999,138.73714285714286
2021-01-01,111.35,111.42571428571429,116.83,148.74428571428572,106.38285714285713,137.4542857142857
2021-01-02,112.81714285714285,111.55571428571429,116.44428571428571,150.12857142857143,106.80428571428573,138.28714285714287
2021-01-03,113.77857142857144,111.23,116.03142857142858,149.03,106.82428571428571,137.20428571428573
2021-01-04,113.23285714285714,110.18999999999998,116.85714285714286,148.88857142857142,107.05999999999999,136.9257142857143
2021-01-05,112.44428571428571,108.15714285714286,117.13142857142859,149.26285714285717,107.13142857142859,137.18714285714287
2021-01-06,111.44142857142856,107.60000000000001,117.23857142857143,149.9185714285714,106.47,137.01142857142855
2021-01-07,111.28999999999999,106.99714285714285,115.90285714285713,151.18285714285713,105.27,135.31857142857143
2021-01-08,111.84857142857143,108.42999999999999,115.82285714285716,153.04714285714286,107.3,135.05428571428573
2021-01-09,112.4,110.45142857142858,117.66142857142859,153.57285714285715,110.59000000000002,135.0157142857143
2021-01-10,111.56428571428572,111.31142857142858,118.77571428571427,153.11714285714285,111.56285714285714,135.81142857142856
2021-01-11,111.48285714285714,113.13,118.07142857142857,151.82571428571427,112.15142857142858,134.95857142857142
2021-01-12,111.25714285714285,115.89999999999999,117.84000000000002,149.1885714285714,112.45857142857143,133.08142857142857
2021-01-13,110.88285714285715,115.42142857142858,117.82285714285715,142.80142857142857,112.57285714285715,130.03857142857143
2021-01-14,110.2057142857143,113.3457142857143,117.93142857142858,134.55857142857144,112.31714285714285,129.1585714285714
2021-01-15,109.58285714285714,110.44000000000001,118.24142857142856,128.59,111.77428571428571,127.80999999999999
2021-01-16,110.60571428571428,109.41285714285716,118.32714285714287,124.75285714285714,110.78428571428572,127.39
2021-01-17,112.49714285714285,111.03428571428572,118.51428571428572,124.88428571428572,110.7057142857143,126.56714285714284
2021-01-18,113.19285714285715,111.76142857142858,118.50142857142859,126.53714285714285,110.19142857142856,126.19000000000001
2021-01-19,114.24285714285713,111.90857142857143,118.75571428571428,128.29999999999998,110.30142857142859,127.12428571428572
2021-01-20,115.65714285714284,113.39857142857143,119.25571428571428,132.39000000000001,110.61428571428573,129.48142857142858
2021-01-21,117.28285714285713,116.28142857142858,119.53999999999999,138.16571428571427,111.35285714285715,131.15142857142857
2021-01-22,119.20714285714287,119.79142857142857,120.35571428571428,143.58285714285714,112.91428571428573,133.98285714285714
2021-01-23,121.02857142857142,122.94285714285714,121.27714285714285,148.22142857142856,114.8,135.70571428571427
2021-01-24,121.46714285714286,127.03142857142858,120.57142857142857,149.3814285714286,114.69428571428571,136.68
2021-01-25,123.3442857142857,130.86999999999998,120.70142857142856,150.8842857142857,115.62571428571427,141.49571428571429
2021-01-26,125.09000000000002,137.65857142857143,120.00428571428571,153.77714285714288,115.73142857142857,145.1585714285714
2021-01-27,124.57428571428572,140.56,118.64142857142858,155.40571428571428,115.97,146.02142857142857
2021-01-28,124.38571428571429,141.23142857142858,120.16142857142857,156.26142857142855,116.36571428571428,146.89714285714285
2021-01-29,124.27285714285713,141.0,120.29142857142857,156.5742857142857,115.4342857142857,146.82142857142858
2021-01-30,124.88714285714286,141.16428571428574,121.37857142857145,158.59714285714284,113.44714285714285,147.74142857142857
2021-01-31,125.49000000000001,140.3957142857143,124.24142857142859,160.7657142857143,112.46857142857142,148.74285714285716
2021-02-01,123.76714285714286,137.01857142857142,126.3157142857143,160.17714285714285,111.78142857142858,145.83428571428573
2021-02-02,122.42857142857143,132.71571428571428,128.3114285714286,158.71142857142857,111.62714285714286,142.99714285714285
2021-02-03,123.36857142857141,132.46,130.65857142857143,159.31,110.89142857142858,142.37714285714284
2021-02-04,123.64428571428572,132.42142857142855,130.34428571428572,158.5,110.25714285714285,141.54
2021-02-05,124.75,133.38857142857142,130.51428571428573,159.29571428571427,111.88,141.7
2021-02-06,124.90142857142858,134.05571428571426,129.1757142857143,159.3742857142857,112.99142857142859,140.83285714285714
2021-02-07,124.67999999999999,133.1,129.95,159.0742857142857,113.91142857142857,140.0957142857143
2021-02-08,125.15,133.74285714285716,129.9385714285714,158.33285714285714,113.25428571428571,139.48
2021-02-09,124.73571428571428,131.56,130.50714285714284,157.59142857142857,113.22714285714287,139.14857142857142
2021-02-10,124.34285714285714,129.7042857142857,131.37142857142857,156.3842857142857,113.52000000000001,139.23714285714286
2021-02-11,124.77142857142859,130.07285714285715,132.8242857142857,158.0,113.72857142857143,139.6442857142857
2021-02-12,124.92714285714285,130.75714285714287,135.36285714285714,160.21428571428572,113.82428571428571,140.82285714285715
2021-02-13,127.0842857142857,132.85714285714286,139.31285714285713,160.94571428571427,114.60000000000001,141.47142857142856
2021-02-14,129.79428571428573,136.65714285714287,142.1142857142857,161.27428571428572,117.19285714285714,144.07142857142858
2021-02-15,130.19,137.58285714285714,144.70142857142858,162.13857142857142,118.85714285714286,146.2342857142857
2021-02-16,130.72,138.91,151.89714285714285,163.17714285714285,119.21857142857142,148.33571428571432
2021-02-17,130.9042857142857,139.08857142857144,152.0142857142857,163.69428571428574,118.97714285714285,148.63714285714286
2021-02-18,130.84,138.73857142857142,151.8785714285714,163.00857142857143,118.41,148.3042857142857
2021-02-19,129.79,137.95714285714286,151.1285714285714,160.50285714285715,115.42714285714285,145.4742857142857
2021-02-20,127.7042857142857,136.51000000000002,150.36142857142858,158.75571428571428,112.12571428571428,144.24714285714285
2021-02-21,126.51142857142857,133.76714285714286,147.72571428571428,157.83714285714288,108.04142857142857,140.77142857142857
2021-02-22,126.24857142857142,132.90857142857143,144.59714285714287,157.07142857142858,105.61428571428571,137.07999999999998
2021-02-23,126.43142857142857,136.8,137.09285714285713,156.82,103.72571428571428,133.43428571428572
2021-02-24,127.81428571428572,141.00857142857143,136.62285714285716,157.23142857142858,102.58,131.77714285714288
2021-02-25,127.98714285714287,142.15285714285716,135.92142857142858,157.3957142857143,101.60571428571428,129.7942857142857
2021-02-26,127.79142857142857,142.4757142857143,135.33714285714288,157.6142857142857,101.14714285714285,127.30999999999999
2021-02-27,126.8157142857143,142.04285714285714,135.32714285714286,157.8242857142857,100.57142857142857,124.26999999999998
2021-02-28,124.73,140.50857142857143,134.32,157.61857142857144,99.47285714285714,122.39
2021-03-01,123.39142857142858,139.44285714285715,134.37857142857143,156.74,98.55285714285715,121.26428571428572
2021-03-02,123.76,136.68571428571428,134.42285714285714,155.8957142857143,97.69428571428573,121.25285714285714
2021-03-03,121.81428571428572,133.4042857142857,133.90714285714284,155.02428571428572,97.46142857142857,120.74571428571427
2021-03-04,122.77714285714285,134.32999999999998,133.75142857142856,154.77428571428572,96.97571428571428,120.94571428571429
2021-03-05,123.42285714285715,134.47142857142856,133.15285714285713,153.96,96.64,121.79714285714284
2021-03-06,123.48857142857143,133.41857142857143,132.56285714285713,153.6957142857143,96.51714285714286,121.51714285714287
2021-03-07,123.35142857142857,132.28285714285715,132.31857142857143,153.79857142857145,97.05571428571429,120.92999999999999
2021-03-08,123.99142857142859,132.43142857142857,132.29142857142855,155.33714285714285,97.51571428571428,121.53142857142858
2021-03-09,122.85714285714286,131.37428571428572,132.00142857142856,155.5885714285714,98.35571428571428,120.61428571428571
2021-03-10,123.04999999999998,130.46714285714285,131.80428571428573,155.39285714285714,98.11285714285714,119.67285714285715
2021-03-11,120.76857142857145,128.80285714285714,131.05285714285714,153.51142857142855,97.5557142857143,117.95714285714287
2021-03-13,121.85714285714286,130.52857142857144,133.0742857142857,156.10714285714286,98.27857142857144,118.08571428571429
2021-03-14,118.34571428571428,127.95285714285716,132.59,152.88285714285712,96.42428571428572,115.31285714285715
2021-03-15,115.05857142857143,124.82428571428571,134.69571428571427,149.40285714285713,93.98285714285714,111.88285714285713
2021-03-16,114.68571428571428,123.45,134.04571428571427,148.30285714285714,93.25285714285714,111.3442857142857
2021-03-17,114.83285714285715,121.37,134.58714285714285,148.96714285714285,92.07714285714287,110.53857142857143
2021-03-18,114.31857142857142,119.31428571428572,134.60714285714286,148.2242857142857,91.36142857142856,109.17428571428572
2021-03-19,116.69571428571427,120.03857142857144,137.21,151.68571428571428,92.12142857142855,109.89
2021-03-20,117.30714285714285,119.24714285714286,137.26857142857142,151.78857142857143,91.29142857142858,109.26285714285714
2021-03-21,116.24571428571429,117.10571428571428,136.4542857142857,150.9857142857143,90.10142857142856,107.69285714285714
2021-03-22,115.69142857142857,115.97285714285715,132.68428571428572,150.1542857142857,89.53999999999999,106.59714285714287
2021-03-23,115.29285714285716,116.55857142857144,133.23714285714286,149.49285714285716,88.66571428571429,105.39142857142858
2021-03-24,114.69142857142856,117.40857142857143,133.09571428571428,149.54142857142855,88.58571428571427,104.83428571428571
2021-03-25,114.67142857142858,117.06857142857143,133.0857142857143,150.21,88.04999999999998,105.01714285714286
2021-03-26,113.70428571428572,116.62714285714286,131.75285714285715,149.35285714285715,87.41428571428571,104.85571428571428
2021-03-27,111.36714285714285,115.40428571428572,127.82000000000001,147.04714285714286,85.19857142857143,102.56714285714285
2021-03-28,108.97142857142856,114.28714285714285,118.62142857142858,142.47714285714287,79.11857142857143,98.58
2021-03-29,108.05714285714285,113.95571428571428,111.45714285714284,139.6442857142857,75.72142857142856,96.52571428571427
2021-03-30,107.25857142857141,113.02857142857142,108.46428571428571,137.93428571428572,74.22,94.62857142857142
2021-03-31,107.05857142857143,111.77428571428571,106.15428571428572,134.9657142857143,72.12714285714286,92.73428571428572
2021-04-01,107.86,112.4342857142857,104.69857142857143,133.95285714285714,70.92285714285715,90.70714285714284
2021-04-02,108.41428571428571,111.29142857142857,103.40285714285713,133.50142857142856,68.67285714285714,87.39428571428572
2021-04-03,108.1942857142857,108.52571428571427,104.12714285714286,132.7942857142857,67.12,83.08714285714287
2021-04-04,109.52999999999999,106.78857142857143,111.75714285714285,134.78285714285715,69.79714285714286,81.90428571428572
2021-04-05,109.14857142857143,103.62,117.2757142857143,135.39285714285714,70.07142857142858,79.61285714285715
2021-04-06,108.7,100.24285714285715,118.01714285714286,135.17,67.69714285714285,76.14428571428572
2021-04-07,107.32000000000001,98.54142857142857,116.92571428571429,134.5885714285714,65.26857142857143,73.55999999999999
2021-04-08,104.50285714285714,96.38142857142859,115.36285714285714,133.23285714285717,62.81428571428571,71.45
2021-04-09,102.17999999999999,94.91571428571429,113.41428571428573,130.71285714285713,59.65285714285715,66.73428571428572
2021-04-10,99.28999999999999,93.41285714285713,110.91428571428571,127.66285714285716,52.77428571428572,59.74857142857143
2021-04-11,96.15428571428572,93.10857142857142,107.50714285714285,124.34285714285714,48.34428571428571,56.134285714285724
2021-04-12,93.43714285714286,94.62714285714286,104.26285714285713,120.31714285714285,47.48,55.49285714285714
2021-04-13,90.14142857142858,95.05714285714285,100.60428571428572,116.05,47.11571428571428,56.06571428571429
2021-04-14,87.20714285714284,93.75428571428573,97.2942857142857,113.18999999999998,46.050000000000004,54.621428571428574
2021-04-15,85.50857142857141,92.61857142857141,93.95857142857143,110.35714285714286,43.14714285714285,50.79
2021-04-16,82.96142857142857,90.92142857142858,88.88714285714285,107.3042857142857,41.33,49.35142857142858
2021-04-17,80.84571428571428,89.91428571428573,78.57428571428571,104.10857142857142,42.19571428571429,50.07142857142857
2021-04-18,79.32571428571428,88.56857142857143,70.91857142857143,101.82714285714285,41.39714285714285,48.54
2021-04-19,78.17857142857143,86.71857142857142,68.7,100.94857142857143,38.56,45.785714285714285
2021-04-20,76.83285714285715,85.21428571428571,62.142857142857146,99.05428571428571,36.35285714285714,42.41857142857143
2021-04-21,75.46571428571428,85.54285714285713,56.464285714285715,96.11285714285714,34.23714285714285,40.87714285714286
2021-04-22,72.75142857142858,85.54,50.76,93.35142857142857,33.505714285714284,40.285714285714285
2021-04-23,67.40857142857143,84.59,46.16428571428571,90.3257142857143,32.29,39.01
2021-04-24,58.45285714285715,80.10571428571428,45.99571428571428,86.42142857142858,31.342857142857145,38.392857142857146
2021-04-25,52.91857142857143,75.38285714285715,44.47571428571428,83.80428571428571,30.851428571428567,37.96714285714285
2021-04-26,53.024285714285725,74.92142857142858,40.035714285714285,82.71285714285715,30.43285714285714,37.08571428571429
2021-04-27,51.16142857142858,74.10571428571428,40.80428571428571,82.2,30.014285714285712,36.71142857142856
2021-04-28,46.50571428571429,72.33285714285714,40.955714285714286,82.52999999999999,29.89428571428571,36.21999999999999
2021-04-29,42.252857142857145,70.06285714285714,41.09285714285714,81.81428571428572,29.892857142857142,36.44714285714286
2021-04-30,39.80428571428571,67.33857142857143,41.332857142857144,81.29285714285713,30.632857142857144,37.527142857142856
2021-05-01,39.798571428571435,64.19285714285715,41.237142857142864,80.41571428571429,31.164285714285715,38.18
2021-05-02,38.40857142857143,61.98428571428571,40.66285714285714,79.10000000000001,31.472857142857144,38.89714285714285
2021-05-03,33.25142857142857,59.68000000000001,39.67857142857143,77.78142857142858,31.861428571428572,39.81428571428571
2021-05-04,30.94,58.62,38.79,77.37571428571428,32.21,40.58714285714286
2021-05-05,31.224285714285717,56.70714285714286,38.22714285714286,76.83857142857143,32.715714285714284,41.207142857142856
2021-05-06,31.44857142857143,53.97714285714285,37.52142857142858,76.00428571428571,33.47,42.08571428571429
2021-05-07,32.32285714285714,52.07285714285715,37.06,75.07428571428571,34.12428571428571,42.49714285714286
2021-05-08,33.31285714285714,54.41571428571428,36.73571428571428,75.10000000000001,34.85,42.902857142857144
2021-05-09,32.964285714285715,56.13999999999999,36.75,74.91714285714286,35.472857142857144,43.65
2021-05-10,32.048571428571435,51.721428571428575,36.73714285714285,75.07571428571428,35.86714285714286,44.02142857142858
2021-05-11,31.082857142857144,47.26857142857143,36.88428571428572,74.72428571428573,36.30142857142857,43.82571428571429
2021-05-12,30.05142857142857,43.05714285714286,36.987142857142864,70.05999999999999,36.96,43.707142857142856
2021-05-13,29.374285714285715,40.550000000000004,36.73571428571429,66.26857142857143,37.33571428571429,43.58428571428572
2021-05-14,27.684285714285714,37.642857142857146,36.63857142857143,62.14,37.41142857142857,43.35285714285714
2021-05-15,26.291428571428575,32.82285714285714,37.34857142857144,57.69285714285714,38.13857142857143,43.51571428571429
2021-05-16,25.889999999999997,29.93142857142857,37.75142857142857,54.20285714285715,38.19428571428572,42.94571428571429
2021-05-17,26.238571428571426,30.407142857142855,38.14142857142857,50.12571428571429,37.19428571428572,42.839999999999996
2021-05-18,26.427142857142854,30.73714285714286,38.34428571428572,47.31428571428571,37.48571428571428,43.72571428571428
2021-05-19,26.74857142857143,30.46857142857143,38.61285714285714,47.9,38.182857142857145,44.435714285714276
2021-05-20,26.611428571428572,30.23142857142857,39.23142857142857,48.4,39.07714285714286,45.082857142857144
2021-05-21,27.12142857142857,30.234285714285715,39.61571428571428,49.854285714285716,40.34428571428571,46.228571428571435
2021-05-22,27.30142857142857,32.76428571428571,39.371428571428574,50.79,41.10857142857143,47.41857142857143
2021-05-23,27.607142857142858,33.95,39.22428571428571,50.95285714285715,42.565714285714286,48.98571428571428
2021-05-24,27.692857142857143,32.965714285714284,38.951428571428565,51.308571428571426,44.89142857142857,50.068571428571424
2021-05-25,28.005714285714287,32.371428571428574,38.95428571428572,51.464285714285715,46.1342857142857,50.60142857142857
2021-05-26,28.305714285714284,32.247142857142855,39.29571428571428,51.55285714285714,46.465714285714284,51.182857142857145
2021-05-27,28.99142857142857,31.680000000000003,39.70857142857143,51.96999999999999,47.29,52.521428571428565
2021-05-28,29.774285714285714,31.368571428571425,40.41428571428571,52.22857142857142,48.368571428571435,53.45428571428571
2021-05-29,30.352857142857143,28.900000000000002,41.56714285714286,53.10285714285715,49.69714285714286,54.388571428571424
2021-05-30,30.852857142857143,27.529999999999998,42.85000000000001,55.152857142857144,50.58,55.98428571428571
2021-05-31,31.64428571428571,28.48,44.91142857142857,57.52428571428572,52.542857142857144,57.68571428571429
2021-06-01,32.19571428571429,29.018571428571427,47.152857142857144,60.06428571428571,54.84857142857142,59.92714285714286
2021-06-02,32.76285714285714,29.48,49.08857142857143,63.104285714285716,57.34285714285714,62.99428571428571
2021-06-03,33.20142857142857,30.58142857142857,50.97714285714286,66.61285714285715,59.252857142857145,65.88714285714286
2021-06-04,33.410000000000004,31.710000000000004,53.06857142857143,70.02428571428571,61.30714285714286,68.94714285714286
2021-06-05,33.97428571428571,32.574285714285715,54.997142857142855,74.45857142857143,62.694285714285705,72.74571428571429
2021-06-06,34.57142857142857,34.1,57.16285714285714,76.42714285714285,64.65285714285714,75.69714285714285
2021-06-07,35.10857142857143,36.067142857142855,59.66428571428571,77.70428571428572,65.4042857142857,78.44000000000001
2021-06-08,35.910000000000004,38.145714285714284,62.188571428571436,78.21428571428571,66.28714285714285,80.24714285714286
2021-06-09,36.62571428571429,40.46714285714285,65.26142857142857,78.86714285714287,67.34714285714286,81.28857142857143
2021-06-10,37.24571428571428,42.21142857142858,68.32571428571428,80.44428571428571,68.44571428571429,83.27285714285713
2021-06-11,38.470000000000006,44.505714285714284,71.96285714285715,83.71714285714286,70.37428571428572,86.27714285714285
2021-06-12,39.65428571428571,47.25857142857143,76.05571428571429,86.66142857142857,72.11142857142856,89.6557142857143
2021-06-13,41.685714285714276,49.71857142857143,80.21857142857142,90.29857142857142,73.91571428571429,92.60571428571428
2021-06-14,44.01857142857143,51.58142857142857,82.82428571428571,94.11571428571428,76.07571428571428,95.74142857142859
2021-06-15,46.86142857142857,54.19857142857143,85.03999999999999,98.22571428571429,77.82142857142857,99.38428571428571
2021-06-16,50.09142857142857,56.05142857142857,87.24285714285713,101.89142857142858,79.04714285714284,102.71285714285715
2021-06-17,53.67142857142858,57.79,89.61,104.12428571428572,80.71285714285715,105.12142857142855
2021-06-18,55.17857142857143,59.58428571428572,91.66428571428571,105.85,82.47857142857143,108.44428571428571
2021-06-19,55.97571428571429,60.870000000000005,94.78428571428572,107.98428571428572,85.5142857142857,111.66428571428571
2021-06-20,57.96857142857142,62.81714285714286,96.65714285714286,112.57285714285715,87.47000000000001,113.2242857142857
2021-06-21,60.64714285714285,64.14999999999999,97.76714285714286,115.2942857142857,88.38571428571429,114.39142857142856
2021-06-22,63.0,65.84714285714286,99.31857142857143,118.36142857142856,89.2,115.31142857142858
2021-06-23,64.99428571428571,67.58857142857143,100.42857142857143,121.65428571428572,91.19000000000001,116.5
2021-06-24,67.13,69.77,101.76,124.66428571428571,92.45428571428572,117.22285714285715
2021-06-25,70.54,72.20714285714286,103.61428571428573,128.53714285714287,93.65571428571427,117.94285714285715
2021-06-26,73.35142857142857,76.73428571428572,105.17714285714285,134.67000000000002,94.00142857142859,118.23714285714287
2021-06-27,75.01285714285714,78.30857142857143,106.95714285714287,135.6157142857143,94.95285714285714,119.86285714285715
2021-06-28,76.5,80.6842857142857,108.88428571428572,137.85857142857145,95.16714285714285,120.27428571428572
2021-06-29,78.03857142857143,81.49714285714286,109.98285714285714,139.06857142857143,95.24857142857142,120.18571428571428
2021-06-30,80.44285714285715,83.63,111.43428571428572,141.62,94.97714285714285,120.65857142857145
2021-07-01,81.60428571428572,85.46571428571428,112.49285714285715,143.95714285714286,95.12142857142855,121.89999999999999
2021-07-02,83.45857142857143,88.25857142857141,114.40714285714286,145.97714285714287,94.69857142857144,122.82571428571428
2021-07-03,86.41428571428571,90.81857142857143,115.77714285714286,148.78857142857143,94.57285714285715,122.70571428571428
2021-07-04,88.46000000000001,93.75428571428573,117.18857142857142,154.21285714285713,94.66857142857144,122.72571428571428
2021-07-05,90.52428571428571,95.99857142857142,117.79428571428572,156.6442857142857,95.4057142857143,124.05
2021-07-06,92.03142857142856,98.92428571428572,118.85428571428572,158.86285714285714,96.2,125.31142857142858
2021-07-07,92.30142857142857,100.25285714285714,119.46285714285715,158.98857142857145,96.73285714285716,125.96
2021-07-08,93.11571428571429,102.3457142857143,119.80857142857143,159.65,97.26571428571428,125.94000000000001
2021-07-09,95.28285714285713,104.42285714285715,119.61428571428571,160.24285714285716,97.99428571428572,126.08000000000001
2021-07-10,99.88571428571429,107.44857142857143,120.07000000000001,159.88857142857142,98.58,128.35857142857142
2021-07-11,102.14999999999999,110.14285714285714,120.98428571428573,157.97,98.74857142857141,129.53285714285715
2021-07-12,101.87,110.40285714285714,122.82285714285715,157.22571428571428,99.04571428571428,129.0
2021-07-13,101.51571428571428,110.53857142857143,124.57000000000001,156.4,98.9342857142857,128.67142857142855
2021-07-14,101.39428571428572,112.03999999999999,127.21000000000001,156.52428571428572,99.88714285714286,128.52857142857144
2021-07-15,102.25285714285714,114.03714285714285,129.90714285714287,157.37714285714287,102.67857142857143,128.87
2021-07-16,103.41,115.22285714285715,131.84,158.32142857142858,102.58571428571429,129.71
2021-07-17,104.07285714285715,114.84857142857143,134.34571428571428,159.1542857142857,103.8157142857143,129.57999999999998
2021-07-18,105.12714285714287,114.18999999999998,137.0157142857143,159.9157142857143,103.99714285714286,128.52142857142854
2021-07-19,104.87714285714286,115.09,136.36285714285717,159.75857142857143,102.28857142857143,127.70714285714284
2021-07-20,105.12,115.67,137.52285714285716,158.1442857142857,101.62571428571428,127.37571428571428
2021-07-21,106.13285714285713,116.22142857142858,135.95142857142858,156.76142857142855,98.8442857142857,127.56857142857143
2021-07-22,106.56857142857143,114.89142857142858,135.08857142857144,154.16857142857143,96.53285714285714,126.55857142857143
2021-07-23,107.22000000000001,115.10142857142856,134.54857142857145,153.7357142857143,96.1842857142857,123.81714285714284
2021-07-24,108.69285714285714,116.89285714285714,133.25,154.49285714285716,94.55428571428571,122.56571428571428
2021-07-25,109.9042857142857,117.92428571428572,131.19857142857143,155.28285714285715,93.86142857142856,122.02000000000001
2021-07-26,111.32428571428571,118.10571428571428,133.2242857142857,156.73,95.42571428571428,122.88142857142859
2021-07-27,112.61428571428571,118.21285714285715,132.10285714285715,160.29142857142855,96.35000000000001,123.73142857142857
2021-07-28,113.43714285714285,118.38142857142857,131.8057142857143,162.10857142857142,98.24714285714286,123.38142857142857
2021-07-29,114.48571428571428,119.84571428571428,133.58857142857144,165.09857142857143,98.61428571428571,124.22285714285714
2021-07-30,115.58285714285714,120.5657142857143,134.76,166.57142857142858,99.56857142857143,125.74000000000001
2021-07-31,117.88142857142859,120.98714285714286,136.93285714285713,167.46571428571428,100.96142857142857,126.83857142857143
2021-08-01,118.90142857142857,121.27285714285715,138.60142857142858,168.58714285714288,102.49285714285715,127.93999999999998
2021-08-02,119.41142857142857,121.55285714285712,137.5014285714286,171.4828571428571,103.76,127.59142857142857
2021-08-03,119.66428571428571,121.74571428571427,137.98714285714286,173.59,105.07000000000001,127.32000000000001
2021-08-04,119.80142857142857,121.88,139.5957142857143,178.03142857142853,106.99571428571429,128.54
2021-08-05,119.80428571428571,121.2,138.5557142857143,180.51714285714283,107.62857142857145,129.24285714285716
2021-08-06,120.10000000000001,120.37428571428572,138.43428571428572,182.62285714285716,109.26857142857143,131.46285714285713
2021-08-07,117.64571428571428,119.51285714285713,139.54857142857142,183.15000000000003,110.82142857142857,132.74857142857144
2021-08-08,116.59857142857143,119.4814285714286,139.74142857142857,183.84,110.86428571428571,133.75857142857143
2021-08-09,116.56857142857143,120.11571428571428,140.30285714285714,184.1257142857143,111.27714285714285,135.8657142857143
2021-08-10,117.16428571428571,120.32000000000001,140.54714285714286,184.28857142857143,111.8442857142857,138.09285714285713
2021-08-11,117.86999999999999,120.04285714285716,140.71857142857144,184.8942857142857,111.5142857142857,139.12142857142857
2021-08-12,118.61714285714285,121.05857142857144,141.84142857142857,185.68714285714285,111.60857142857142,139.20714285714286
2021-08-13,119.07285714285715,121.70285714285714,141.46142857142857,187.27857142857144,111.79571428571428,140.2485714285714
2021-08-14,120.17999999999999,123.02285714285713,136.7742857142857,189.1885714285714,113.3057142857143,142.49571428571429
2021-08-15,121.18285714285715,123.36285714285714,131.96857142857144,189.71428571428572,113.16857142857144,143.27285714285713
2021-08-16,120.94428571428571,124.03714285714285,131.09285714285713,187.81285714285715,112.78999999999999,142.19571428571427
2021-08-17,121.16428571428573,124.45428571428572,130.99285714285713,187.79857142857142,112.61571428571428,140.91
2021-08-18,120.84142857142858,126.5142857142857,130.99714285714285,187.31428571428572,112.51571428571427,140.77714285714285
2021-08-19,120.37857142857145,132.35999999999999,130.15,186.05285714285716,111.8257142857143,142.14857142857142
2021-08-20,118.27142857142859,133.3857142857143,131.24142857142857,183.26571428571427,113.16428571428573,142.3642857142857
2021-08-21,117.57857142857142,133.23714285714286,139.08,182.09857142857143,118.13142857142857,141.87857142857143
2021-08-22,117.08142857142857,134.7642857142857,147.63857142857142,183.47142857142856,127.94714285714284,143.77142857142857
2021-08-23,118.22000000000001,135.07285714285715,148.76857142857145,184.6557142857143,129.74285714285716,144.43571428571428
2021-08-24,118.70714285714284,135.83857142857144,148.90142857142857,186.4114285714286,129.89714285714285,144.8085714285714
2021-08-25,120.31142857142856,137.20714285714286,148.8114285714286,187.96142857142857,130.09857142857143,144.58
2021-08-26,122.25857142857141,134.40285714285713,148.20285714285714,190.25857142857143,131.70285714285714,144.47571428571428
2021-08-27,125.78857142857143,135.60714285714286,148.25714285714284,191.25428571428571,131.5614285714286,145.37285714285716
2021-08-28,128.24571428571429,135.92000000000002,144.71,190.61428571428573,127.01571428571427,147.66714285714286
2021-08-29,129.31571428571428,135.18714285714285,138.70857142857145,188.35,119.40428571428572,148.35142857142858
2021-08-30,128.87571428571428,134.69,137.3,186.41571428571427,117.34285714285714,148.52428571428572
2021-08-31,129.71428571428572,136.71571428571428,139.88142857142856,184.4,115.69714285714285,149.16428571428574
2021-09-01,128.7057142857143,136.0857142857143,142.17857142857142,181.49571428571429,117.2842857142857,149.41571428571427
2021-09-02,127.31142857142858,133.9842857142857,143.82142857142858,179.10142857142858,117.78714285714285,149.0442857142857
2021-09-03,125.81142857142858,133.2242857142857,144.39142857142858,177.61285714285714,116.66,148.68142857142857
2021-09-04,125.35142857142857,134.09285714285713,143.77428571428572,175.7328571428571,117.02571428571427,147.31
2021-09-05,125.05714285714286,134.82,145.61285714285714,174.44571428571427,116.0257142857143,146.4042857142857
2021-09-06,125.19571428571429,135.8642857142857,147.68142857142857,172.51714285714283,117.20857142857143,146.28714285714287
2021-09-07,123.94428571428571,136.44571428571427,146.42857142857142,169.0,121.19571428571429,146.93142857142857
2021-09-08,124.30714285714285,142.76,144.95714285714286,167.55428571428573,122.41714285714286,147.12142857142857
2021-09-09,123.82857142857144,148.0257142857143,144.69,164.30285714285714,123.16857142857143,146.06571428571428
2021-09-10,121.73285714285713,147.25714285714284,145.9857142857143,160.20857142857145,121.68285714285715,140.41
2021-09-11,120.02571428571427,147.56571428571428,146.17142857142855,160.58285714285716,120.21285714285715,136.93
2021-09-12,121.82428571428571,150.28571428571428,147.43,162.41428571428574,123.30285714285715,134.61714285714285
2021-09-13,122.75571428571428,150.3957142857143,148.03571428571428,165.08285714285714,123.67857142857143,133.71285714285713
2021-09-14,124.12714285714286,149.42000000000002,147.72285714285712,166.53285714285715,121.21571428571428,132.51285714285714
2021-09-15,126.09571428571428,146.34285714285716,148.41571428571427,166.97714285714284,120.03714285714285,133.9414285714286
2021-09-16,128.33285714285714,143.3957142857143,150.9557142857143,169.54,119.26714285714286,137.3842857142857
2021-09-17,132.12857142857143,144.92,151.03571428571428,173.70571428571427,121.16571428571429,143.75
2021-09-18,135.5142857142857,146.5914285714286,152.35714285714286,174.41,123.37571428571427,147.1885714285714
2021-09-19,134.79,145.23714285714286,152.15285714285713,171.3457142857143,119.98857142857142,146.51714285714283
2021-09-20,136.98999999999998,147.27428571428572,153.15571428571428,172.7785714285714,122.33571428571429,150.08999999999997
2021-09-21,139.53142857142856,150.06571428571428,155.52142857142857,176.95714285714286,128.87857142857143,154.49142857142857
2021-09-22,139.97857142857143,148.9557142857143,156.30571428571426,178.85142857142858,132.14285714285714,155.89285714285714
2021-09-23,140.8457142857143,148.78142857142856,155.1657142857143,179.94714285714286,134.70285714285714,157.6042857142857
2021-09-24,142.00571428571428,151.1357142857143,156.35714285714286,182.91857142857143,138.05,160.17857142857142
2021-09-25,143.5585714285714,152.03285714285715,157.65142857142857,186.72285714285712,140.37857142857143,165.72857142857143
2021-09-26,144.06285714285713,153.00857142857143,159.21285714285713,190.03428571428572,145.08428571428573,172.76857142857142
2021-09-27,142.91428571428574,152.07999999999998,158.22142857142856,185.58,144.42142857142858,174.0514285714286
2021-09-28,140.56285714285713,149.56714285714287,157.6342857142857,181.78428571428572,140.40428571428572,172.04
2021-09-29,139.30428571428573,147.27142857142854,157.89000000000001,182.12285714285716,138.5057142857143,171.80142857142854
2021-09-30,138.73714285714286,145.99285714285716,158.87714285714287,182.79000000000002,138.18571428571428,170.03
2021-10-01,140.07571428571427,145.82,159.78,183.31857142857143,137.25428571428571,170.71142857142857
2021-10-02,138.92857142857142,144.26142857142855,155.74142857142857,181.08142857142857,134.88,168.3442857142857
2021-10-03,141.06428571428572,144.26142857142858,155.07857142857142,182.90571428571428,134.24714285714285,168.2242857142857
2021-10-04,141.78714285714287,143.59428571428572,156.45142857142858,187.22285714285712,133.95142857142858,168.73
2021-10-05,142.1314285714286,142.12142857142857,156.6142857142857,187.8242857142857,133.68142857142857,170.34428571428572
2021-10-06,142.37142857142857,142.21285714285713,156.98857142857145,185.65428571428575,133.55142857142857,169.7
2021-10-07,143.84857142857143,142.73285714285714,155.81714285714287,187.20571428571427,132.35857142857142,170.26285714285717
2021-10-08,144.42857142857142,143.73142857142855,154.57714285714286,188.11999999999998,131.93142857142857,169.73
2021-10-09,148.95285714285714,148.16285714285712,159.89285714285714,194.48285714285717,134.69285714285715,175.4842857142857
2021-10-10,150.13714285714286,149.07571428571427,161.57142857142858,195.3857142857143,133.49285714285716,176.47857142857146
2021-10-11,151.16142857142856,150.80714285714288,161.97857142857146,197.57857142857142,131.35285714285715,175.67714285714285
2021-10-12,153.27142857142854,154.39000000000001,161.60285714285715,199.6357142857143,134.12142857142857,176.92857142857142
2021-10-13,156.27714285714282,157.13285714285715,161.76999999999998,200.34285714285716,135.2357142857143,178.81
2021-10-14,158.95000000000002,159.23857142857145,164.9857142857143,197.29428571428573,136.67,179.13714285714286
2021-10-15,158.54285714285714,157.13285714285715,163.1042857142857,190.40000000000003,135.81428571428572,177.3685714285714
2021-10-16,155.6457142857143,155.14142857142858,161.7428571428571,180.32285714285715,136.17714285714285,174.4714285714286
2021-10-17,157.57714285714286,157.55857142857144,162.76142857142855,179.68,139.0614285714286,175.87714285714284
2021-10-18,159.02857142857144,158.68571428571428,163.00571428571428,179.4257142857143,142.03285714285715,176.57285714285715
2021-10-19,159.83285714285714,160.01571428571427,163.71142857142857,182.57999999999998,140.07285714285715,175.81857142857143
2021-10-20,159.25571428571428,160.05428571428573,165.26,187.43571428571428,139.73142857142858,175.53857142857143
2021-10-21,157.64285714285714,159.92000000000002,163.79,191.60999999999999,139.53428571428572,176.84285714285716
2021-10-22,158.68428571428572,163.6614285714286,166.65428571428575,199.64142857142858,142.63142857142856,179.6057142857143
2021-10-23,161.58714285714288,168.70857142857145,164.57571428571427,209.46428571428572,144.54142857142855,181.77571428571426
2021-10-24,159.65142857142857,168.02714285714288,157.50714285714284,212.54571428571427,142.14857142857142,179.66428571428574
2021-10-25,158.92714285714285,167.56857142857143,157.1185714285714,213.6157142857143,141.7357142857143,178.83142857142857
2021-10-26,158.08571428571426,166.00428571428571,156.8014285714286,211.47428571428574,142.00714285714284,178.52857142857144
2021-10-27,158.31285714285715,165.67000000000002,155.55714285714288,209.51857142857142,141.6642857142857,178.54285714285714
2021-10-28,157.75,164.78857142857143,154.6342857142857,208.2242857142857,141.69714285714286,178.00285714285715
2021-10-29,155.00285714285715,161.83714285714288,156.06,206.56999999999996,141.3942857142857,177.32714285714286
2021-10-30,152.35142857142858,158.48000000000002,162.00285714285715,206.15,141.37714285714284,176.3642857142857
2021-10-31,151.0514285714286,156.35142857142858,169.21285714285713,205.52857142857144,143.21142857142857,175.3085714285714
2021-11-01,150.01142857142855,156.25142857142856,171.78857142857143,204.11571428571432,144.31714285714287,173.41857142857143
2021-11-02,148.13714285714286,155.50285714285715,173.1057142857143,202.74428571428572,144.0742857142857,169.60714285714286
2021-11-03,144.69571428571427,151.54,169.49714285714285,199.42428571428573,142.35285714285715,164.67714285714285
2021-11-04,140.72857142857143,146.06714285714287,160.23142857142855,192.3757142857143,136.78,156.27142857142857
2021-11-05,138.58571428571426,143.14285714285714,153.00571428571428,190.83571428571432,133.00285714285715,151.06
2021-11-06,136.39142857142858,136.04428571428573,147.50714285714284,186.98857142857145,129.21857142857144,143.43428571428572
2021-11-07,137.47857142857143,130.1042857142857,145.3642857142857,185.4,128.53142857142856,144.38714285714286
2021-11-08,137.34428571428572,122.94142857142856,142.72714285714287,184.83999999999997,127.19857142857141,147.44142857142856
2021-11-09,139.91714285714286,118.21,141.76,188.3042857142857,126.80142857142856,154.3857142857143
2021-11-10,144.88857142857142,114.10428571428572,147.33285714285714,195.9414285714286,129.0,162.88857142857142
2021-11-11,148.91000000000003,109.75999999999999,159.22714285714287,206.73142857142855,134.31714285714287,174.36999999999998
2021-11-12,153.32285714285715,107.08428571428571,167.7357142857143,213.29714285714286,137.8857142857143,183.31857142857143
2021-11-13,160.2757142857143,107.92285714285715,174.72714285714287,220.68428571428572,141.63142857142856,197.52714285714288
2021-11-14,164.9,116.25,180.49142857142857,226.99285714285716,143.62285714285716,207.16
2021-11-15,167.66857142857143,123.76285714285714,184.23714285714283,231.19857142857146,145.11714285714285,212.3385714285714
2021-11-16,168.86285714285714,127.94857142857143,187.63857142857142,233.0,146.58428571428573,215.66285714285715
2021-11-17,167.23428571428573,132.5,188.39857142857142,231.13857142857142,148.40857142857143,218.28714285714287
2021-11-18,166.96142857142857,136.50857142857143,189.71142857142857,230.30428571428573,150.08142857142857,223.24142857142857
2021-11-19,166.58999999999997,138.56857142857143,189.65714285714284,227.13857142857142,151.8014285714286,228.47857142857146
2021-11-20,167.48857142857145,144.15571428571428,189.28571428571428,228.3042857142857,153.08285714285714,229.53285714285715
2021-11-21,166.39142857142858,144.20142857142858,190.9157142857143,229.0442857142857,154.52428571428572,229.81428571428572
2021-11-22,165.48142857142858,144.35142857142858,190.2757142857143,228.9742857142857,154.73285714285717,229.50857142857146
2021-11-23,165.40285714285713,146.29857142857145,189.10285714285712,230.74714285714285,154.35285714285715,229.20428571428573
2021-11-24,166.27714285714288,150.06428571428572,190.59,233.5371428571428,153.08285714285714,229.79714285714286
2021-11-25,167.78428571428572,156.4857142857143,191.84999999999997,235.07285714285715,152.46,228.99571428571429
2021-11-26,169.2342857142857,157.5257142857143,192.87000000000003,238.7671428571429,151.47714285714284,227.0
2021-11-27,166.61142857142858,151.14285714285714,192.09285714285713,237.3385714285714,148.96428571428572,225.53428571428572
2021-11-28,166.13285714285715,144.09,192.12142857142857,236.9,148.1614285714286,224.24
2021-11-29,165.24714285714285,140.1057142857143,193.9842857142857,236.23857142857145,148.84428571428572,225.0585714285714
2021-11-30,163.3342857142857,138.27285714285716,196.03428571428572,233.39142857142858,149.56571428571428,224.84857142857143
2021-12-01,162.51,137.21,197.29,230.63285714285715,150.02285714285713,222.15000000000003
2021-12-02,161.14285714285714,136.72,197.78285714285715,227.8142857142857,149.59,219.54714285714286
2021-12-03,159.40714285714287,139.90714285714287,196.91,223.4185714285714,149.21571428571428,216.14285714285714
2021-12-04,158.30714285714288,147.28285714285715,195.58285714285714,221.15571428571428,149.6585714285714,214.19571428571427
2021-12-05,155.75714285714284,155.6342857142857,192.11714285714285,219.7971428571429,149.1985714285714,213.89714285714285
2021-12-06,155.8857142857143,160.9485714285714,192.16857142857143,220.55857142857144,149.00857142857143,215.03285714285715
2021-12-07,156.3785714285714,165.67857142857142,192.23142857142858,223.7057142857143,150.1757142857143,215.79
2021-12-08,155.97714285714284,169.1285714285714,191.3485714285714,226.6314285714286,151.32857142857142,218.42142857142855
2021-12-09,156.59285714285716,174.92428571428573,191.54285714285714,230.66000000000003,152.3857142857143,220.57285714285715
2021-12-10,158.0542857142857,178.93857142857146,192.86714285714285,235.62857142857143,152.99571428571429,225.03857142857143
2021-12-11,158.96,181.78285714285715,197.19285714285712,240.13857142857142,152.58714285714288,228.58
2021-12-12,161.5142857142857,185.1914285714286,198.5457142857143,243.09142857142857,152.7671428571429,229.8242857142857
2021-12-13,162.51999999999998,186.1042857142857,198.31285714285715,243.0957142857143,152.7757142857143,229.47428571428574
2021-12-14,162.44142857142856,184.00714285714284,196.20714285714286,239.72571428571428,151.9457142857143,228.7342857142857
2021-12-15,163.03285714285715,183.35,194.7657142857143,236.78571428571428,151.42285714285714,227.86714285714288
2021-12-16,163.3742857142857,180.48,192.21428571428572,236.09571428571425,151.95142857142855,227.2971428571429
2021-12-17,164.46714285714285,181.60999999999999,190.13285714285715,235.76571428571427,153.14000000000001,227.29285714285714
2021-12-18,164.52714285714288,182.18714285714285,186.09285714285716,235.7428571428571,156.02714285714288,228.73
2021-12-19,162.28714285714287,178.3957142857143,183.84428571428572,232.6042857142857,157.39142857142858,230.95285714285714
2021-12-20,161.95000000000002,177.80999999999997,181.59714285714284,231.80285714285714,158.11714285714288,231.2842857142857
2021-12-21,162.18285714285716,177.74285714285716,182.22142857142856,232.46857142857144,158.03857142857143,232.79142857142855
2021-12-22,163.4414285714286,177.96714285714285,182.9385714285714,232.82714285714286,158.1985714285714,234.4257142857143
2021-12-23,165.40714285714284,178.36571428571432,184.27,234.24428571428572,159.18,237.9385714285714
2021-12-24,166.53857142857143,177.67428571428573,187.41285714285715,235.0914285714286,160.89857142857142,242.88714285714286
2021-12-25,166.93,173.34857142857143,188.78857142857143,231.69,161.09142857142857,243.18142857142857
2021-12-26,167.96714285714285,173.32000000000002,188.18,231.7642857142857,161.23428571428573,242.14714285714285
2021-12-27,169.47857142857143,173.25714285714284,187.7428571428571,232.71857142857144,161.03142857142856,245.16714285714286
2021-12-28,171.45428571428573,173.63714285714286,187.16,235.13999999999996,161.33999999999997,246.2871428571428
2021-12-29,172.4257142857143,173.36714285714285,185.92000000000002,237.9585714285714,160.43428571428572,247.8142857142857
2021-12-30,173.3314285714286,178.73428571428573,182.8714285714286,236.40714285714284,157.29,246.8742857142857
2021-12-31,170.04999999999998,172.80285714285716,176.19142857142856,235.00999999999996,151.69714285714284,242.5
2022-01-01,166.56285714285715,170.70714285714286,168.20857142857145,229.9757142857143,142.45571428571427,236.8814285714286
2022-01-02,165.4385714285714,169.77857142857144,167.1657142857143,225.80571428571426,136.49714285714285,232.78714285714287
2022-01-03,162.54999999999998,167.19714285714284,164.3242857142857,223.28571428571428,131.54285714285714,227.21857142857144
2022-01-04,158.75857142857143,164.69571428571427,159.63000000000002,217.72857142857146,125.34428571428573,222.42142857142855
2022-01-05,155.00428571428571,162.12571428571428,153.16000000000003,211.65857142857143,119.0257142857143,215.8857142857143
2022-01-06,150.54714285714286,153.51285714285717,148.26285714285717,207.41285714285715,113.46285714285715,208.67428571428567
2022-01-07,143.30714285714285,153.23000000000002,141.99,204.08285714285714,107.36000000000001,201.07142857142858
2022-01-08,126.47714285714287,144.77714285714288,129.14857142857144,203.62714285714284,103.74428571428572,195.43142857142857
2022-01-09,114.88999999999999,131.1642857142857,116.15142857142858,200.48428571428573,98.39571428571428,188.50285714285715
2022-01-10,112.6957142857143,128.3242857142857,112.06285714285715,196.6057142857143,95.07428571428571,182.69285714285715
2022-01-11,110.50999999999999,124.74571428571429,108.26,193.65142857142857,92.75142857142858,177.20428571428573
2022-01-12,106.95714285714287,121.20857142857142,105.39857142857144,189.30999999999997,90.90714285714286,171.53857142857143
2022-01-13,102.67142857142858,115.00857142857144,101.75714285714285,182.05714285714285,89.69857142857143,165.47857142857146
2022-01-14,99.99,106.99714285714286,99.07000000000001,168.0,88.71428571428571,157.14142857142858
2022-01-15,98.99571428571427,101.71000000000001,99.4242857142857,153.54,89.03714285714285,151.04
2022-01-16,97.9057142857143,100.89285714285714,99.23285714285714,146.43285714285713,90.62285714285713,147.3414285714286
2022-01-17,95.67428571428572,99.60571428571427,98.49142857142856,143.31428571428572,91.70857142857143,145.23285714285717
2022-01-18,93.81857142857143,99.67,98.61,140.09857142857143,93.24714285714286,144.0614285714286
2022-01-19,92.96428571428571,99.59142857142858,99.98142857142855,138.9114285714286,95.02999999999999,143.95857142857145
2022-01-20,92.70714285714284,102.55857142857143,102.78571428571429,139.25,97.03142857142858,145.00428571428571
2022-01-21,94.05285714285715,108.22,105.5442857142857,143.4742857142857,100.23857142857142,148.79999999999998
2022-01-22,102.21000000000001,114.83,109.01571428571428,149.4757142857143,104.64714285714285,151.91000000000003
2022-01-23,106.05142857142857,116.2,112.05857142857143,150.53,106.91428571428573,152.49571428571429
2022-01-24,105.48428571428572,117.36285714285715,114.28,150.39714285714285,107.78999999999999,152.84714285714287
2022-01-25,107.20714285714287,120.40285714285713,115.03285714285714,151.03571428571428,109.50428571428571,155.55142857142854
2022-01-26,109.33714285714287,125.61142857142856,114.81142857142856,152.3957142857143,111.61857142857143,157.95857142857145
2022-01-27,108.97857142857143,126.89,116.84714285714287,153.58571428571426,112.81000000000002,159.18571428571428
2022-01-28,110.8442857142857,128.19,119.93285714285715,155.30428571428573,113.75142857142858,159.31857142857143
2022-01-29,115.04571428571428,131.82999999999998,127.76428571428572,157.13285714285715,113.9442857142857,158.78714285714287
2022-01-30,117.91428571428571,140.07999999999998,133.89000000000001,160.44285714285712,115.01571428571427,161.00142857142856
2022-01-31,118.93857142857144,141.30428571428573,136.1142857142857,162.3942857142857,117.02,162.44714285714286
2022-02-01,118.88285714285713,139.67428571428573,141.05428571428573,164.37428571428572,118.10285714285715,161.74428571428572
2022-02-02,119.62857142857145,137.44857142857143,146.44142857142856,169.1314285714286,119.55,162.78714285714287
2022-02-03,122.88714285714286,139.06285714285713,148.92142857142858,174.42714285714285,121.81857142857142,164.89285714285714
2022-02-04,127.24285714285715,142.07285714285715,153.64857142857142,181.46428571428572,125.53,169.92857142857142
2022-02-05,132.76142857142858,153.3785714285714,160.71,192.2157142857143,128.60142857142858,176.55714285714288
2022-02-06,137.37,159.8442857142857,165.72142857142856,199.76142857142858,131.85142857142858,181.73000000000002
2022-02-07,139.6357142857143,163.22,169.4385714285714,205.1585714285714,133.64285714285714,185.0557142857143
2022-02-08,140.62714285714284,165.6957142857143,171.96714285714285,209.29285714285717,135.92571428571426,188.08285714285714
2022-02-09,142.15285714285716,167.35142857142858,175.98714285714283,212.03571428571428,137.03714285714284,189.96
2022-02-10,145.16857142857143,175.14000000000001,181.4057142857143,216.81142857142854,139.66,192.82999999999998
2022-02-11,146.76285714285714,178.42428571428573,184.1257142857143,221.10999999999999,140.54142857142855,194.33857142857144
2022-02-12,147.47857142857143,175.17857142857142,185.27285714285716,222.6114285714286,141.74142857142857,196.40714285714284
2022-02-13,150.00571428571428,178.14714285714285,188.29714285714286,224.54999999999998,143.84142857142857,199.58571428571426
2022-02-14,152.73428571428573,179.54571428571427,193.45428571428573,225.52285714285716,147.9842857142857,203.65
2022-02-15,154.46428571428572,180.08999999999997,196.88428571428568,226.01999999999998,149.73000000000002,205.03142857142856
2022-02-16,154.34428571428572,179.99142857142857,201.81285714285715,225.90285714285713,152.19285714285712,206.87142857142857
2022-02-17,153.32571428571427,173.52142857142857,203.45999999999998,223.36857142857144,152.61142857142858,208.26999999999998
2022-02-18,154.46857142857144,172.49857142857144,211.10999999999999,222.69714285714284,154.72142857142856,210.95999999999998
2022-02-19,157.1257142857143,171.99571428571429,215.43428571428572,224.96000000000004,156.06857142857143,210.57142857142858
2022-02-20,156.5957142857143,170.17285714285714,219.78,225.72714285714287,155.6585714285714,210.05714285714288
2022-02-21,156.14714285714285,169.82857142857142,218.35714285714286,225.61142857142858,153.99285714285716,209.1942857142857
2022-02-22,156.91857142857143,170.49285714285716,218.58714285714288,226.83571428571426,154.38714285714286,210.90285714285713
2022-02-23,157.8414285714286,172.55285714285714,216.12000000000003,224.42857142857142,154.04571428571427,212.03428571428572
2022-02-24,157.66285714285715,173.94,214.82571428571427,223.80999999999997,154.1757142857143,212.22714285714287
2022-02-25,158.18714285714285,175.48428571428573,210.26,223.10857142857142,153.91000000000003,213.5814285714286
2022-02-26,159.74428571428572,178.37714285714284,209.28428571428572,220.78428571428572,154.20142857142858,215.98142857142855
2022-02-27,160.6614285714286,178.10714285714286,206.43285714285716,218.0542857142857,153.95428571428573,217.2028571428571
2022-02-28,161.78428571428572,178.13857142857142,205.6885714285714,216.18142857142857,153.64714285714288,217.42142857142858
2022-03-01,162.96428571428572,178.67000000000002,205.31428571428572,214.03714285714287,153.57142857142858,217.62571428571428
2022-03-02,163.41,177.8114285714286,205.29285714285714,213.46714285714285,154.64857142857142,216.7328571428571
2022-03-03,165.92142857142858,181.14714285714285,206.0642857142857,214.61714285714285,155.30857142857144,217.85285714285712
2022-03-04,167.32571428571427,183.15571428571428,208.90285714285713,214.9042857142857,155.44714285714286,217.43428571428572
2022-03-05,167.88285714285715,188.93285714285713,208.80142857142854,215.84857142857143,156.77714285714288,218.7328571428571
2022-03-06,168.45,191.88999999999996,209.05999999999997,218.59,157.8457142857143,219.14000000000001
2022-03-07,168.6885714285714,192.75,209.94571428571427,221.79285714285714,158.24714285714285,218.70142857142855
2022-03-08,169.77857142857144,194.68285714285716,210.8042857142857,223.97714285714287,159.3342857142857,220.07
2022-03-09,171.03428571428572,197.04,210.09285714285716,225.75714285714284,159.38857142857142,222.16285714285715
2022-03-10,171.51571428571427,195.18285714285713,209.0471428571429,226.38714285714286,159.5,221.74857142857147
2022-03-11,174.01285714285714,196.29714285714286,206.35142857142858,227.8,161.3414285714286,222.6685714285714
2022-03-12,176.80714285714288,196.69285714285712,206.76000000000002,228.88285714285715,162.25142857142856,225.07714285714286
2022-03-13,178.3385714285714,198.6,206.65857142857143,228.7914285714286,163.10142857142858,227.34428571428572
2022-03-14,178.60857142857142,199.6885714285714,206.84142857142857,227.7757142857143,164.32714285714286,228.44285714285715
2022-03-15,178.0157142857143,200.65000000000003,207.81571428571428,227.79285714285714,164.4257142857143,227.5514285714286
2022-03-16,178.80571428571426,199.6257142857143,209.67142857142858,228.72,165.32142857142858,227.6057142857143
2022-03-17,178.72714285714284,201.06,204.10142857142858,230.31285714285715,165.16857142857143,230.51857142857145
2022-03-18,181.19285714285712,203.63285714285715,195.65571428571428,231.73142857142855,162.85714285714286,231.9357142857143
2022-03-19,178.39714285714285,197.91285714285715,189.85714285714286,229.8642857142857,159.71857142857144,228.27142857142854
2022-03-20,178.42428571428573,194.19000000000003,189.5542857142857,230.70857142857145,160.6214285714286,228.54
2022-03-22,179.6342857142857,192.5071428571429,189.68285714285713,231.48,161.00285714285715,227.31571428571428
2022-03-23,181.43571428571428,191.12285714285713,189.90857142857143,232.8814285714286,161.45857142857145,228.04
2022-03-24,183.43285714285713,190.9042857142857,189.51857142857145,235.03428571428572,161.5442857142857,229.6185714285714
2022-03-25,190.22714285714284,195.77571428571426,200.15714285714284,239.85714285714286,165.68,234.70714285714286
