Date,USD-INR,Sensex
2022-03-19,75.805,57863.93
2022-03-18,75.805,57863.93
2022-03-17,75.805,57863.93
2022-03-16,76.265,56816.65
2022-03-15,76.6113,55776.85
2022-03-14,76.5663,56486.02
2022-03-13,76.5938,55550.3
2022-03-12,76.5938,55550.3
2022-03-11,76.5938,55550.3
2022-03-10,76.3075,55464.39
2022-03-09,76.5638,54647.33
2022-03-08,76.9125,53424.09
2022-03-07,76.9662,52842.75
2022-03-06,76.1675,54333.81
2022-03-05,76.1675,54333.81
2022-03-04,76.1675,54333.81
2022-03-03,75.91,55102.68
2022-03-02,75.7125,55468.9
2022-03-01,75.3425,56247.28
2022-02-28,75.3425,56247.28
2022-02-27,75.2925,55858.52
2022-02-26,75.2925,55858.52
2022-02-25,75.2925,55858.52
2022-02-24,75.6537,54529.91
2022-02-23,74.5663,57232.06
2022-02-22,74.875,57300.68
2022-02-21,74.515,57683.59
2022-02-20,74.6625,57832.97
2022-02-19,74.6625,57832.97
2022-02-18,74.6625,57832.97
2022-02-17,75.11,57892.01
2022-02-16,75.0762,57996.68
2022-02-15,75.3387,58142.05
2022-02-14,75.6013,56405.84
2022-02-13,75.3775,58152.92
2022-02-12,75.3775,58152.92
2022-02-11,75.3775,58152.92
2022-02-10,74.95,58926.03
2022-02-09,74.8075,58465.97
2022-02-08,74.7487,57808.58
2022-02-07,74.6963,57621.19
2022-02-06,74.6963,58644.82
2022-02-05,74.6963,58644.82
2022-02-04,74.6963,58644.82
2022-02-03,74.86,58788.02
2022-02-02,74.84,59558.33
2022-02-01,74.8013,58862.57
2022-01-31,74.6225,58014.17
2022-01-30,75.04,57200.23
2022-01-29,75.04,57200.23
2022-01-28,75.04,57200.23
2022-01-27,75.0688,57276.94
2022-01-26,74.7762,57858.15
2022-01-25,74.7762,57858.15
2022-01-24,74.5675,57491.51
2022-01-23,74.4275,59037.18
2022-01-22,74.4275,59037.18
2022-01-21,74.4275,59037.18
2022-01-20,74.51,59464.62
2022-01-19,74.4313,60098.82
2022-01-18,74.5825,60754.86
2022-01-17,74.2425,61308.91
2022-01-16,74.1537,61223.03
2022-01-15,74.1537,61223.03
2022-01-14,74.1537,61223.03
2022-01-13,73.885,61235.3
2022-01-12,73.9175,61150.04
2022-01-11,73.9125,60616.89
2022-01-10,74.0375,60395.63
2022-01-09,74.3062,59744.65
2022-01-08,74.3062,59744.65
2022-01-07,74.3062,59744.65
2022-01-06,74.4987,59601.84
2022-01-05,74.36,60223.15
2022-01-04,74.5575,59855.93
2022-01-03,74.2588,59183.22
2022-01-02,74.3375,58253.82
2022-01-01,74.3375,58253.82
2021-12-31,74.3375,58253.82
2021-12-30,74.42,57794.32
2021-12-29,74.7375,57806.49
2021-12-28,74.6563,57897.48
2021-12-27,74.9975,57420.24
2021-12-26,75.0188,57124.31
2021-12-25,75.0188,57124.31
2021-12-24,75.0188,57124.31
2021-12-23,75.245,57315.28
2021-12-22,75.5513,56930.56
2021-12-21,75.6025,56319.01
2021-12-20,75.9163,55822.01
2021-12-19,76.085,57011.74
2021-12-18,76.085,57011.74
2021-12-17,76.085,57011.74
2021-12-16,76.0938,57901.14
2021-12-15,76.2312,57788.03
2021-12-14,75.87,58117.09
2021-12-13,75.7612,58283.42
2021-12-12,75.785,58786.67
2021-12-11,75.785,58786.67
2021-12-10,75.785,58786.67
2021-12-09,75.52,58807.13
2021-12-08,75.455,58649.68
2021-12-07,75.4312,57633.65
2021-12-06,75.4238,56747.14
2021-12-05,75.1687,57696.46
2021-12-04,75.1687,57696.46
2021-12-03,75.1687,57696.46
2021-12-02,74.9913,58461.29
2021-12-01,74.9075,57684.79
2021-11-30,75.1687,57064.87
2021-11-29,75.0925,57260.58
2021-11-28,74.87,57107.15
2021-11-27,74.87,57107.15
2021-11-26,74.87,57107.15
2021-11-25,74.5112,58795.09
2021-11-24,74.3938,58340.99
2021-11-23,74.4212,58664.33
2021-11-22,74.4025,58465.89
2021-11-21,74.2375,59636.01
2021-11-20,74.2375,59636.01
2021-11-19,74.2375,59636.01
2021-11-18,74.2375,59636.01
2021-11-17,74.2713,60008.33
2021-11-16,74.375,60322.37
2021-11-15,74.485,60718.71
2021-11-14,74.4438,60686.69
2021-11-13,74.4438,60686.69
2021-11-12,74.4438,60686.69
2021-11-11,74.5163,59919.69
2021-11-10,74.3837,60352.82
2021-11-09,74.0313,60433.45
2021-11-08,74.0237,60545.61
2021-11-07,74.46,60067.62
2021-11-06,74.46,60067.62
2021-11-05,74.46,60067.62
2021-11-04,74.46,60067.62
2021-11-03,74.46,59771.92
2021-11-02,74.685,60029.06
2021-11-01,74.8737,60138.46
2021-10-31,74.8775,59306.93
2021-10-30,74.8775,59306.93
2021-10-29,74.8775,59306.93
2021-10-28,74.92,59984.7
2021-10-27,75.0275,61143.33
2021-10-26,74.9588,61350.26
2021-10-25,75.085,60967.05
2021-10-24,74.8963,60821.62
2021-10-23,74.8963,60821.62
2021-10-22,74.8963,60821.62
2021-10-21,74.86,60923.5
2021-10-20,74.875,61259.96
2021-10-19,75.3475,61716.05
2021-10-18,75.3475,61765.59
2021-10-17,75.2575,61305.95
2021-10-16,75.2575,61305.95
2021-10-15,75.2575,61305.95
2021-10-14,75.2575,61305.95
2021-10-13,75.3737,60737.05
2021-10-12,75.515,60284.31
2021-10-11,75.3587,60135.78
2021-10-10,74.9938,60059.06
2021-10-09,74.9938,60059.06
2021-10-08,74.9938,60059.06
2021-10-07,74.785,59677.83
2021-10-06,74.985,59189.73
2021-10-05,74.4487,59744.88
2021-10-04,74.3138,59299.32
2021-10-03,74.125,58765.58
2021-10-02,74.125,58765.58
2021-10-01,74.125,58765.58
2021-09-30,74.2388,59126.36
2021-09-29,74.15,59413.27
2021-09-28,74.0525,59667.6
2021-09-27,73.8425,60077.88
2021-09-26,73.6913,60048.47
2021-09-25,73.6913,60048.47
2021-09-24,73.6913,60048.47
2021-09-23,73.64,59885.36
2021-09-22,73.8675,58927.33
2021-09-21,73.6125,59005.27
2021-09-20,73.7425,58490.93
2021-09-19,73.485,59015.89
2021-09-18,73.485,59015.89
2021-09-17,73.485,59015.89
2021-09-16,73.5175,59141.16
2021-09-15,73.4912,58723.2
2021-09-14,73.6862,58247.09
2021-09-13,73.6788,58177.76
2021-09-12,73.4975,58305.07
2021-09-11,73.4975,58305.07
2021-09-10,73.4975,58305.07
2021-09-09,73.4975,58305.07
2021-09-08,73.6037,58250.26
2021-09-07,73.4125,58279.48
2021-09-06,73.105,58296.91
2021-09-05,73.0188,58129.95
2021-09-04,73.0188,58129.95
2021-09-03,73.0188,58129.95
2021-09-02,73.0675,57852.54
2021-09-01,73.0875,57338.21
2021-08-31,73.0063,57552.39
2021-08-30,73.27,56889.76
2021-08-29,73.6875,56124.72
2021-08-28,73.6875,56124.72
2021-08-27,73.6875,56124.72
2021-08-26,74.2225,55949.1
2021-08-25,74.2425,55944.21
2021-08-24,74.1913,55958.98
2021-08-23,74.2125,55555.79
2021-08-22,74.3963,55329.32
2021-08-21,74.3963,55329.32
2021-08-20,74.3963,55329.32
2021-08-19,74.2475,55629.49
2021-08-18,74.2475,55629.49
2021-08-17,74.3512,55792.27
2021-08-16,74.2475,55582.58
2021-08-15,74.2475,55437.29
2021-08-14,74.2475,55437.29
2021-08-13,74.2475,55437.29
2021-08-12,74.2563,54843.98
2021-08-11,74.4425,54525.93
2021-08-10,74.4312,54554.66
2021-08-09,74.2675,54402.85
2021-08-08,74.1525,54277.72
2021-08-07,74.1525,54277.72
2021-08-06,74.1525,54277.72
2021-08-05,74.175,54492.84
2021-08-04,74.1862,54369.77
2021-08-03,74.2825,53823.36
2021-08-02,74.345,52950.63
2021-08-01,74.4175,52586.84
2021-07-31,74.4175,52586.84
2021-07-30,74.4175,52586.84
2021-07-29,74.2838,52653.07
2021-07-28,74.3763,52443.71
2021-07-27,74.4637,52578.76
2021-07-26,74.4187,52852.27
2021-07-25,74.41,52975.8
2021-07-24,74.41,52975.8
2021-07-23,74.41,52975.8
2021-07-22,74.4675,52837.21
2021-07-21,74.6163,52198.51
2021-07-20,74.6163,52198.51
2021-07-19,74.8763,52553.4
2021-07-18,74.5612,53140.06
2021-07-17,74.5612,53140.06
2021-07-16,74.5612,53140.06
2021-07-15,74.5462,53158.85
2021-07-14,74.59,52904.05
2021-07-13,74.4962,52769.73
2021-07-12,74.5775,52372.69
2021-07-11,74.635,52386.19
2021-07-10,74.635,52386.19
2021-07-09,74.635,52386.19
2021-07-08,74.7137,52568.94
2021-07-07,74.6187,53054.76
2021-07-06,74.55,52861.18
2021-07-05,74.31,52880
2021-07-04,74.75,52484.67
2021-07-03,74.75,52484.67
2021-07-02,74.75,52484.67
2021-07-01,74.5587,52318.6
2021-06-30,74.3313,52482.71
2021-06-29,74.2312,52549.66
2021-06-28,74.1925,52735.59
2021-06-27,74.1975,52925.04
2021-06-26,74.1975,52925.04
2021-06-25,74.1975,52925.04
2021-06-24,74.1675,52699
2021-06-23,74.28,52306.08
2021-06-22,74.365,52588.71
2021-06-21,74.105,52574.46
2021-06-20,73.8675,52344.45
2021-06-19,73.8675,52344.45
2021-06-18,73.8675,52344.45
2021-06-17,74.0762,52323.33
2021-06-16,73.3275,52501.98
2021-06-15,73.3125,52773.05
2021-06-14,73.275,52551.53
2021-06-13,73.075,52474.76
2021-06-12,73.075,52474.76
2021-06-11,73.075,52474.76
2021-06-10,73.0537,52300.47
2021-06-09,72.975,51941.64
2021-06-08,72.895,52275.57
2021-06-07,72.8087,52328.51
2021-06-06,73.0025,52100.05
2021-06-05,73.0025,52100.05
2021-06-04,73.0025,52100.05
2021-06-03,72.91,52232.43
2021-06-02,73.0825,51849.48
2021-06-01,72.8988,51934.88
2021-05-31,72.615,51937.44
2021-05-30,72.4475,51422.88
2021-05-29,72.4475,51422.88
2021-05-28,72.4475,51422.88
2021-05-27,72.585,51115.22
2021-05-26,72.7775,51017.52
2021-05-25,72.7775,50637.53
2021-05-24,72.9662,50651.9
2021-05-23,72.8387,50540.48
2021-05-22,72.8387,50540.48
2021-05-21,72.8387,50540.48
2021-05-20,73.1013,49564.86
2021-05-19,73.1663,49902.64
2021-05-18,73.0412,50193.33
2021-05-17,73.22,49580.73
2021-05-16,73.2962,48732.55
2021-05-15,73.2962,48732.55
2021-05-14,73.2962,48732.55
2021-05-13,73.4263,48690.8
2021-05-12,73.4263,48690.8
2021-05-11,73.34,49161.81
2021-05-10,73.35,49502.41
2021-05-09,73.5112,49206.47
2021-05-08,73.5112,49206.47
2021-05-07,73.5112,49206.47
2021-05-06,73.7612,48949.76
2021-05-05,73.915,48677.55
2021-05-04,73.86,48253.51
2021-05-03,73.935,48718.52
2021-05-02,74.0875,48782.36
2021-05-01,74.0875,48782.36
2021-04-30,74.0875,48782.36
2021-04-29,74.0363,49765.94
2021-04-28,74.365,49733.84
2021-04-27,74.6588,48944.14
2021-04-26,74.7275,48386.51
2021-04-25,75.02,47878.45
2021-04-24,75.02,47878.45
2021-04-23,75.02,47878.45
2021-04-22,74.955,48080.67
2021-04-21,74.8875,47705.8
2021-04-20,74.8875,47705.8
2021-04-19,74.88,47949.42
2021-04-18,74.355,48832.03
2021-04-17,74.355,48832.03
2021-04-16,74.355,48832.03
2021-04-15,74.9275,48803.68
2021-04-14,75.055,48544.06
2021-04-13,75.055,48544.06
2021-04-12,75.055,47883.38
2021-04-11,74.7487,49591.32
2021-04-10,74.7487,49591.32
2021-04-09,74.7487,49591.32
2021-04-08,74.5825,49746.21
2021-04-07,74.565,49661.76
2021-04-06,73.42,49201.39
2021-04-05,73.3,49159.32
2021-04-04,73.1125,50029.83
2021-04-03,73.1125,50029.83
2021-04-02,73.1125,50029.83
2021-04-01,73.1125,50029.83
2021-03-31,73.1125,49509.15
2021-03-30,73.385,50136.58
2021-03-29,72.5075,49008.5
2021-03-28,72.5075,49008.5
2021-03-27,72.5075,49008.5
2021-03-26,72.5075,49008.5
2021-03-25,72.6225,48440.12
2021-03-24,72.56,49180.31
2021-03-23,72.425,50051.44
2021-03-22,72.3737,49771.29
2021-03-21,72.5188,49858.24
2021-03-20,72.5188,49858.24
2021-03-19,72.5188,49858.24
2021-03-18,72.5275,49216.52
2021-03-17,72.545,49801.62
2021-03-16,72.55,50363.96
2021-03-15,72.48,50395.08
2021-03-14,72.79,50792.08
2021-03-13,72.79,50792.08
2021-03-12,72.79,50792.08
2021-03-11,72.915,51279.51
2021-03-10,72.915,51279.51
2021-03-09,72.9288,51025.48
2021-03-08,73.255,50441.07
2021-03-07,73.0275,50405.32
2021-03-06,73.0275,50405.32
2021-03-05,73.0275,50405.32
2021-03-04,72.835,50846.08
2021-03-03,72.72,51444.65
2021-03-02,73.3663,50296.89
2021-03-01,73.55,49849.84
2021-02-28,73.465,49099.99
2021-02-27,73.465,49099.99
2021-02-26,73.465,49099.99
2021-02-25,72.4263,51039.31
2021-02-24,72.3425,50781.69
2021-02-23,72.47,49751.41
2021-02-22,72.4962,49744.32
2021-02-21,72.6537,50889.76
2021-02-20,72.6537,50889.76
2021-02-19,72.6537,50889.76
2021-02-18,72.6537,51324.69
2021-02-17,72.7487,51703.83
2021-02-16,72.6975,52104.17
2021-02-15,72.69,52154.13
2021-02-14,72.755,51544.3
2021-02-13,72.755,51544.3
2021-02-12,72.755,51544.3
2021-02-11,72.86,51531.52
2021-02-10,72.845,51309.39
2021-02-09,72.8775,51329.08
2021-02-08,72.965,51348.77
2021-02-07,72.9275,50731.63
2021-02-06,72.9275,50731.63
2021-02-05,72.9275,50731.63
2021-02-04,72.9612,50614.29
2021-02-03,72.975,50255.75
2021-02-02,72.9688,49797.72
2021-02-01,73.0275,48600.61
2021-01-31,72.9538,46285.77
2021-01-30,72.9538,46285.77
2021-01-29,72.9538,46285.77
2021-01-28,73.0412,46874.36
2021-01-27,72.9238,47409.93
2021-01-26,72.9475,48347.59
2021-01-25,72.9475,48347.59
2021-01-24,72.975,48878.54
2021-01-23,72.975,48878.54
2021-01-22,72.975,48878.54
2021-01-21,72.9975,49624.76
2021-01-20,73.0275,49792.12
2021-01-19,73.1725,49398.29
2021-01-18,73.2825,48564.27
2021-01-17,73.0663,49034.67
2021-01-16,73.0663,49034.67
2021-01-15,73.0663,49034.67
2021-01-14,73.0462,49584.16
2021-01-13,73.15,49492.32
2021-01-12,73.2538,49517.11
2021-01-11,73.385,49269.32
2021-01-10,73.245,48782.51
2021-01-09,73.245,48782.51
2021-01-08,73.245,48782.51
2021-01-07,73.3225,48093.32
2021-01-06,73.1125,48174.06
2021-01-05,73.18,48437.78
2021-01-04,73.0212,48176.8
2021-01-03,73.1325,47868.98
2021-01-02,73.1325,47868.98
2021-01-01,73.1325,47868.98
2020-12-31,73.065,47751.33
2020-12-30,73.305,47746.22
2020-12-29,73.435,47613.08
2020-12-28,73.5038,47353.75
2020-12-27,73.5475,46973.54
2020-12-26,73.5475,46973.54
2020-12-25,73.5475,46973.54
2020-12-24,73.5475,46973.54
2020-12-23,73.7637,46444.18
2020-12-22,73.8488,46006.69
2020-12-21,73.7838,45553.96
2020-12-20,73.5694,46960.69
2020-12-19,73.5694,46960.69
2020-12-18,73.5694,46960.69
2020-12-17,73.585,46890.34
2020-12-16,73.5875,46666.46
2020-12-15,73.64,46263.17
2020-12-14,73.5575,46253.46
2020-12-13,73.65,46099.01
2020-12-12,73.65,46099.01
2020-12-11,73.65,46099.01
2020-12-10,73.6662,45959.88
2020-12-09,73.565,46103.5
2020-12-08,73.5225,45608.51
2020-12-07,73.9025,45426.97
2020-12-06,73.7962,45079.55
2020-12-05,73.7962,45079.55
2020-12-04,73.7962,45079.55
2020-12-03,73.9263,44632.65
2020-12-02,73.8025,44618.04
2020-12-01,73.6675,44655.44
2020-11-30,74.04,44149.72
2020-11-29,74.04,44149.72
2020-11-28,74.04,44149.72
2020-11-27,74.04,44149.72
2020-11-26,73.89,44259.74
2020-11-25,73.9187,43828.1
2020-11-24,74.0013,44523.02
2020-11-23,74.0988,44077.15
2020-11-22,74.1462,43882.25
2020-11-21,74.1462,43882.25
2020-11-20,74.1462,43882.25
2020-11-19,74.27,43599.96
2020-11-18,74.1925,44180.05
2020-11-17,74.46,43952.71
2020-11-16,74.6087,43637.98
2020-11-15,74.6087,43637.98
2020-11-14,74.6087,43637.98
2020-11-13,74.6087,43443
2020-11-12,74.6463,43357.19
2020-11-11,74.3725,43593.67
2020-11-10,74.18,43277.65
2020-11-09,74.1462,42597.43
2020-11-08,74.195,41893.06
2020-11-07,74.195,41893.06
2020-11-06,74.195,41893.06
2020-11-05,74.3887,41340.16
2020-11-04,74.7588,40616.14
2020-11-03,74.4063,40261.13
2020-11-02,74.4375,39757.58
2020-11-01,74.11,39614.07
2020-10-31,74.11,39614.07
2020-10-30,74.11,39614.07
2020-10-29,74.11,39749.85
2020-10-28,73.8725,39922.46
2020-10-27,73.715,40522.1
2020-10-26,73.8475,40145.5
2020-10-25,73.605,40685.5
2020-10-24,73.605,40685.5
2020-10-23,73.605,40685.5
2020-10-22,73.5387,40558.49
2020-10-21,73.5925,40707.31
2020-10-20,73.4713,40544.37
2020-10-19,73.3675,40431.6
2020-10-18,73.345,39982.98
2020-10-17,73.345,39982.98
2020-10-16,73.345,39982.98
2020-10-15,73.38,39728.41
2020-10-14,73.3038,40794.74
2020-10-13,73.355,40625.51
2020-10-12,73.2738,40593.8
2020-10-11,73.1325,40509.49
2020-10-10,73.1325,40509.49
2020-10-09,73.1325,40509.49
2020-10-08,73.2437,40182.67
2020-10-07,73.3275,39878.95
2020-10-06,73.4612,39574.57
2020-10-05,73.2875,38973.7
2020-10-04,73.1463,38697.05
2020-10-03,73.1463,38697.05
2020-10-02,73.1463,38697.05
2020-10-01,73.1463,38697.05
2020-09-30,73.7637,38067.93
2020-09-29,73.8587,37973.22
2020-09-28,73.785,37981.63
2020-09-27,73.6125,37388.66
2020-09-26,73.6125,37388.66
2020-09-25,73.6125,37388.66
2020-09-24,73.905,36553.6
2020-09-23,73.57,37668.42
2020-09-22,73.5862,37734.08
2020-09-21,73.4,38034.14
2020-09-20,73.45,38845.82
2020-09-19,73.45,38845.82
2020-09-18,73.45,38845.82
2020-09-17,73.655,38979.85
2020-09-16,73.525,39302.85
2020-09-15,73.645,39044.35
2020-09-14,73.48,38756.63
2020-09-13,73.54,38854.55
2020-09-12,73.54,38854.55
2020-09-11,73.54,38854.55
2020-09-10,73.4587,38840.32
2020-09-09,73.5375,38193.92
2020-09-08,73.5988,38365.35
2020-09-07,73.3475,38417.23
2020-09-06,73.1413,38357.18
2020-09-05,73.1413,38357.18
2020-09-04,73.1413,38357.18
2020-09-03,73.4775,38990.94
2020-09-02,73.0313,39086.03
2020-09-01,72.87,38900.8
2020-08-31,73.62,38628.29
2020-08-30,73.4025,39467.31
2020-08-29,73.4025,39467.31
2020-08-28,73.4025,39467.31
2020-08-27,73.8163,39113.47
2020-08-26,74.3,39073.92
2020-08-25,74.33,38843.88
2020-08-24,74.3212,38799.08
2020-08-23,74.845,38434.72
2020-08-22,74.845,38434.72
2020-08-21,74.845,38434.72
2020-08-20,75.03,38220.39
2020-08-19,74.82,38614.79
2020-08-18,74.76,38528.32
2020-08-17,74.8862,38050.78
2020-08-16,74.9037,37877.34
2020-08-15,74.9037,37877.34
2020-08-14,74.9037,37877.34
2020-08-13,74.845,38310.49
2020-08-12,74.8275,38369.63
2020-08-11,74.775,38407.01
2020-08-10,74.9012,38182.08
2020-08-09,74.935,38040.57
2020-08-08,74.935,38040.57
2020-08-07,74.935,38040.57
2020-08-06,74.9275,38025.45
2020-08-05,74.9425,37663.33
2020-08-04,75.045,37687.91
2020-08-03,75.01,36939.6
2020-08-02,74.8125,37606.89
2020-08-01,74.8125,37606.89
2020-07-31,74.8125,37606.89
2020-07-30,74.85,37736.07
2020-07-29,74.8,38071.13
2020-07-28,74.845,38492.95
2020-07-27,74.835,37934.73
2020-07-26,74.8275,38128.9
2020-07-25,74.8275,38128.9
2020-07-24,74.8275,38128.9
2020-07-23,74.765,38140.47
2020-07-22,74.7625,37871.52
2020-07-21,74.745,37930.33
2020-07-20,74.9162,37418.99
2020-07-19,75.02,37020.14
2020-07-18,75.02,37020.14
2020-07-17,75.02,37020.14
2020-07-16,75.1937,36471.68
2020-07-15,75.15,36051.81
2020-07-14,75.43,36033.06
2020-07-13,75.19,36693.69
2020-07-12,75.205,36594.33
2020-07-11,75.205,36594.33
2020-07-10,75.205,36594.33
2020-07-09,74.995,36737.69
2020-07-08,75.0213,36329.01
2020-07-07,74.9362,36674.52
2020-07-06,74.6837,36487.28
2020-07-05,74.6488,36021.42
2020-07-04,74.6488,36021.42
2020-07-03,74.6488,36021.42
2020-07-02,75.0063,35843.7
2020-07-01,75.5963,35414.45
2020-06-30,75.5087,34915.8
2020-06-29,75.5813,34961.52
2020-06-28,75.6475,35171.27
2020-06-27,75.6475,35171.27
2020-06-26,75.6475,35171.27
2020-06-25,75.6687,34842.1
2020-06-24,75.7213,34868.98
2020-06-23,75.645,35430.43
2020-06-22,76.025,34911.32
2020-06-21,76.1862,34731.73
2020-06-20,76.1862,34731.73
2020-06-19,76.1862,34731.73
2020-06-18,76.145,34208.05
2020-06-17,76.165,33507.92
2020-06-16,76.2125,33605.22
2020-06-15,76.0313,33228.8
2020-06-14,75.845,33780.89
2020-06-13,75.845,33780.89
2020-06-12,75.845,33780.89
2020-06-11,75.785,33538.37
2020-06-10,75.595,34247.05
2020-06-09,75.615,33956.69
2020-06-08,75.5437,34370.58
2020-06-07,75.5825,34287.24
2020-06-06,75.5825,34287.24
2020-06-05,75.5825,34287.24
2020-06-04,75.5762,33980.7
2020-06-03,75.4725,34109.54
2020-06-02,75.3562,33825.53
2020-06-01,75.545,33303.52
2020-05-31,75.6175,32424.1
2020-05-30,75.6175,32424.1
2020-05-29,75.6175,32424.1
2020-05-28,75.7625,32200.59
2020-05-27,75.7125,31605.22
2020-05-26,75.66,30609.3
2020-05-25,75.9638,30672.59
2020-05-24,75.9638,30672.59
2020-05-23,75.9638,30672.59
2020-05-22,75.9638,30672.59
2020-05-21,75.615,30932.9
2020-05-20,75.7975,30818.61
2020-05-19,75.64,30196.17
2020-05-18,75.9137,30028.98
2020-05-17,75.5788,31097.73
2020-05-16,75.5788,31097.73
2020-05-15,75.5788,31097.73
2020-05-14,75.565,31122.89
2020-05-13,75.4563,32008.61
2020-05-12,75.5063,31371.12
2020-05-11,75.7337,31561.22
2020-05-10,75.5513,31642.7
2020-05-09,75.5513,31642.7
2020-05-08,75.5513,31642.7
2020-05-07,75.765,31443.38
2020-05-06,75.765,31685.75
2020-05-05,75.64,31453.51
2020-05-04,75.7262,31715.35
2020-05-03,75.1,33717.62
2020-05-02,75.1,33717.62
2020-05-01,75.1,33717.62
2020-04-30,75.1,33717.62
2020-04-29,75.6725,32720.16
2020-04-28,76.1888,32114.52
2020-04-27,76.235,31743.08
2020-04-26,76.4525,31327.22
2020-04-25,76.4525,31327.22
2020-04-24,76.4525,31327.22
2020-04-23,76.0713,31863.08
2020-04-22,76.6637,31379.55
2020-04-21,76.835,30636.71
2020-04-20,76.55,31648
2020-04-19,76.3825,31588.72
2020-04-18,76.3825,31588.72
2020-04-17,76.3825,31588.72
2020-04-16,76.7937,30602.61
2020-04-15,76.4463,30379.81
2020-04-14,76.275,30690.02
2020-04-13,76.275,30690.02
2020-04-12,76.2713,31159.62
2020-04-11,76.2713,31159.62
2020-04-10,76.2713,31159.62
2020-04-09,76.2713,31159.62
2020-04-08,76.3062,29893.96
2020-04-07,75.625,30067.21
2020-04-06,76.1732,27590.95
2020-04-05,76.1732,27590.95
2020-04-04,76.1732,27590.95
2020-04-03,76.1732,27590.95
2020-04-02,75.5425,28265.31
2020-04-01,75.5425,28265.31
2020-03-31,75.5425,29468.49
2020-03-30,75.4163,28440.32
2020-03-29,74.92,29815.59
2020-03-28,74.92,29815.59
2020-03-27,74.92,29815.59
2020-03-26,75.155,29946.77
2020-03-25,76.0762,28535.78
2020-03-24,76.0762,26674.03
2020-03-23,76.275,25981.24
2020-03-22,75.195,29915.96
2020-03-21,75.195,29915.96
2020-03-20,75.195,29915.96
2020-03-19,75.03,28288.23
2020-03-18,74.2663,28869.51
2020-03-17,74.2125,30579.09
2020-03-16,74.2725,31390.07
2020-03-15,73.9037,34103.48
2020-03-14,73.9037,34103.48
2020-03-13,73.9037,34103.48
2020-03-12,74.2175,32778.14
2020-03-11,73.6413,35697.4
2020-03-10,74.085,35634.95
2020-03-09,74.085,35634.95
2020-03-08,73.7875,37576.62
2020-03-07,73.7875,37576.62
2020-03-06,73.7875,37576.62
2020-03-05,73.3138,38470.61
2020-03-04,73.225,38409.48
2020-03-03,73.31,38623.7
2020-03-02,72.735,38144.02
2020-03-01,72.1763,38297.29
2020-02-29,72.1763,38297.29
2020-02-28,72.1763,38297.29
2020-02-27,71.565,39745.66
2020-02-26,71.6625,39888.96
2020-02-25,71.8875,40281.2
2020-02-24,72,40363.23
2020-02-23,71.6425,41170.12
2020-02-22,71.6425,41170.12
2020-02-21,71.6425,41170.12
2020-02-20,71.6425,41170.12
2020-02-19,71.5625,41323
2020-02-18,71.5625,40894.38
2020-02-17,71.2913,41055.69
2020-02-16,71.3675,41257.74
2020-02-15,71.3675,41257.74
2020-02-14,71.3675,41257.74
2020-02-13,71.33,41459.79
2020-02-12,71.3512,41565.9
2020-02-11,71.285,41216.14
2020-02-10,71.2912,40979.62
2020-02-09,71.4075,41141.85
2020-02-08,71.4075,41141.85
2020-02-07,71.4075,41141.85
2020-02-06,71.1962,41306.03
2020-02-05,71.215,41142.66
2020-02-04,71.2725,40789.38
2020-02-03,71.3475,39872.31
2020-02-02,71.3525,39735.53
2020-02-01,71.3525,39735.53
2020-01-31,71.3525,40723.49
2020-01-30,71.4888,40913.82
2020-01-29,71.2525,41198.66
2020-01-28,71.34,40966.86
2020-01-27,71.4413,41155.12
2020-01-26,71.3325,41613.19
2020-01-25,71.3325,41613.19
2020-01-24,71.3325,41613.19
2020-01-23,71.2738,41386.4
2020-01-22,71.195,41115.38
2020-01-21,71.2088,41323.81
2020-01-20,71.11,41528.91
2020-01-19,71.0825,41945.37
2020-01-18,71.0825,41945.37
2020-01-17,71.0825,41945.37
2020-01-16,70.9337,41932.56
2020-01-15,70.8212,41872.73
2020-01-14,70.8763,41952.63
2020-01-13,70.8575,41859.69
2020-01-12,70.9388,41599.72
2020-01-11,70.9388,41599.72
2020-01-10,70.9388,41599.72
2020-01-09,71.2137,41452.35
2020-01-08,71.7063,40817.74
2020-01-07,71.8275,40869.47
2020-01-06,71.9375,40676.63
2020-01-05,71.7988,41464.61
2020-01-04,71.7988,41464.61
2020-01-03,71.7988,41464.61
2020-01-02,71.3775,41626.64
2020-01-01,71.2275,41306.02
2019-12-31,71.3788,41253.74
2019-12-30,71.3138,41558
2019-12-29,71.3525,41575.14
2019-12-28,71.3525,41575.14
2019-12-27,71.3525,41575.14
2019-12-26,71.3138,41163.76
2019-12-25,71.27,41461.26
2019-12-24,71.27,41461.26
2019-12-23,71.1837,41642.66
2019-12-22,71.12,41681.54
2019-12-21,71.12,41681.54
2019-12-20,71.12,41681.54
2019-12-19,71.035,41673.92
2019-12-18,70.9713,41558.57
2019-12-17,70.9738,41352.17
2019-12-16,71.0038,40938.72
2019-12-15,70.8138,41009.71
2019-12-14,70.8138,41009.71
2019-12-13,70.8138,41009.71
2019-12-12,70.835,40581.71
2019-12-11,70.84,40412.57
2019-12-10,70.925,40239.88
2019-12-09,71.045,40487.43
2019-12-08,71.2,40445.15
2019-12-07,71.2,40445.15
2019-12-06,71.2,40445.15
2019-12-05,71.29,40779.59
2019-12-04,71.5275,40850.29
2019-12-03,71.6712,40675.45
2019-12-02,71.6625,40802.17
2019-12-01,71.7375,40793.81
2019-11-30,71.7375,40793.81
2019-11-29,71.7375,40793.81
2019-11-28,71.6188,41130.17
2019-11-27,71.35,41020.61
2019-11-26,71.4925,40821.3
2019-11-25,71.7312,40889.23
2019-11-24,71.715,40359.41
2019-11-23,71.715,40359.41
2019-11-22,71.715,40359.41
2019-11-21,71.7637,40575.17
2019-11-20,71.815,40651.64
2019-11-19,71.715,40469.7
2019-11-18,71.845,40284.19
2019-11-17,71.7875,40356.69
2019-11-16,71.7875,40356.69
2019-11-15,71.7875,40356.69
2019-11-14,71.9688,40286.48
2019-11-13,72.0875,40116.06
2019-11-12,71.4675,40345.08
2019-11-11,71.4675,40345.08
2019-11-10,71.285,40323.61
2019-11-09,71.285,40323.61
2019-11-08,71.285,40323.61
2019-11-07,70.965,40653.74
2019-11-06,70.9925,40469.78
2019-11-05,70.69,40248.23
2019-11-04,70.7637,40301.96
2019-11-03,70.8063,40165.03
2019-11-02,70.8063,40165.03
2019-11-01,70.8063,40165.03
2019-10-31,70.9275,40129.05
2019-10-30,70.895,40051.87
2019-10-29,70.8412,39831.84
2019-10-28,70.8887,39250.2
2019-10-27,70.8887,39250.2
2019-10-26,70.8887,39058.06
2019-10-25,70.8887,39058.06
2019-10-24,71.0225,39020.39
2019-10-23,70.9037,39058.83
2019-10-22,70.9413,38963.84
2019-10-21,71.1475,39298.38
2019-10-20,71.1475,39298.38
2019-10-19,71.1475,39298.38
2019-10-18,71.1475,39298.38
2019-10-17,71.1687,39052.06
2019-10-16,71.4375,38598.99
2019-10-15,71.5425,38506.09
2019-10-14,71.2262,38214.47
2019-10-13,71.0175,38127.08
2019-10-12,71.0175,38127.08
2019-10-11,71.0175,38127.08
2019-10-10,71.0712,37880.4
2019-10-09,71.07,38177.95
2019-10-08,71.0225,37531.98
2019-10-07,71.0225,37531.98
2019-10-06,70.8825,37673.31
2019-10-05,70.8825,37673.31
2019-10-04,70.8825,37673.31
2019-10-03,70.88,38106.87
2019-10-02,71.0838,38305.41
2019-10-01,71.0838,38305.41
2019-09-30,70.8675,38667.33
2019-09-29,70.5625,38822.57
2019-09-28,70.5625,38822.57
2019-09-27,70.5625,38822.57
2019-09-26,70.8788,38989.74
2019-09-25,71.04,38593.52
2019-09-24,71.0188,39097.14
2019-09-23,70.935,39090.03
2019-09-22,70.945,38014.62
2019-09-21,70.945,38014.62
2019-09-20,70.945,38014.62
2019-09-19,71.3262,36093.47
2019-09-18,71.2425,36563.88
2019-09-17,71.7825,36481.09
2019-09-16,71.5963,37123.31
2019-09-15,70.93,37384.99
2019-09-14,70.93,37384.99
2019-09-13,70.93,37384.99
2019-09-12,71.1375,37104.28
2019-09-11,71.665,37270.82
2019-09-10,71.7063,37145.45
2019-09-09,71.7063,37145.45
2019-09-08,71.725,36981.77
2019-09-07,71.725,36981.77
2019-09-06,71.725,36981.77
2019-09-05,71.84,36644.42
2019-09-04,72.12,36724.74
2019-09-03,72.3938,36562.91
2019-09-02,71.405,37332.79
2019-09-01,71.405,37332.79
2019-08-31,71.405,37332.79
2019-08-30,71.405,37332.79
2019-08-29,71.7887,37068.93
2019-08-28,71.7712,37451.84
2019-08-27,71.4812,37641.27
2019-08-26,72.0212,37494.12
2019-08-25,71.6637,36701.16
2019-08-24,71.6637,36701.16
2019-08-23,71.6637,36701.16
2019-08-22,71.8163,36472.93
2019-08-21,71.5587,37060.37
2019-08-20,71.71,37328.01
2019-08-19,71.4425,37402.49
2019-08-18,71.155,37350.33
2019-08-17,71.155,37350.33
2019-08-16,71.155,37350.33
2019-08-15,71.2738,37311.53
2019-08-14,71.2738,37311.53
2019-08-13,71.3975,36958.16
2019-08-12,70.79,37581.91
2019-08-11,70.79,37581.91
2019-08-10,70.79,37581.91
2019-08-09,70.79,37581.91
2019-08-08,70.6975,37327.36
2019-08-07,70.8887,36690.5
2019-08-06,70.825,36976.85
2019-08-05,70.7325,36699.84
2019-08-04,69.6075,37118.22
2019-08-03,69.6075,37118.22
2019-08-02,69.6075,37118.22
2019-08-01,69.0575,37018.32
2019-07-31,68.8,37481.12
2019-07-30,68.8562,37397.24
2019-07-29,68.7275,37686.37
2019-07-28,68.9037,37882.79
2019-07-27,68.9037,37882.79
2019-07-26,68.9037,37882.79
2019-07-25,69.0425,37830.98
2019-07-24,68.9825,37847.65
2019-07-23,68.945,37982.74
2019-07-22,68.92,38031.13
2019-07-21,68.8062,38337.01
2019-07-20,68.8062,38337.01
2019-07-19,68.8062,38337.01
2019-07-18,68.9625,38897.46
2019-07-17,68.8175,39215.64
2019-07-16,68.7112,39131.04
2019-07-15,68.5462,38896.71
2019-07-14,68.6825,38736.23
2019-07-13,68.6825,38736.23
2019-07-12,68.6825,38736.23
2019-07-11,68.4413,38823.11
2019-07-10,68.5725,38557.04
2019-07-09,68.5488,38730.82
2019-07-08,68.655,38720.57
2019-07-07,68.4175,39513.39
2019-07-06,68.4175,39513.39
2019-07-05,68.4175,39513.39
2019-07-04,68.5175,39908.06
2019-07-03,68.8963,39839.25
2019-07-02,68.9425,39816.48
2019-07-01,68.95,39686.5
2019-06-30,69.0275,39394.64
2019-06-29,69.0275,39394.64
2019-06-28,69.0275,39394.64
2019-06-27,69.07,39586.41
2019-06-26,69.16,39592.08
2019-06-25,69.3475,39434.94
2019-06-24,69.3513,39122.96
2019-06-23,69.5875,39194.49
2019-06-22,69.5875,39194.49
2019-06-21,69.5875,39194.49
2019-06-20,69.4375,39601.63
2019-06-19,69.685,39112.74
2019-06-18,69.6888,39046.34
2019-06-17,69.9037,38960.79
2019-06-16,69.8013,39452.07
2019-06-15,69.8013,39452.07
2019-06-14,69.8013,39452.07
2019-06-13,69.515,39741.36
2019-06-12,69.35,39756.81
2019-06-11,69.4538,39950.46
2019-06-10,69.655,39784.52
2019-06-09,69.47,39615.9
2019-06-08,69.47,39615.9
2019-06-07,69.47,39615.9
2019-06-06,69.2813,39529.72
2019-06-05,69.2612,40083.54
2019-06-04,69.2612,40083.54
2019-06-03,69.2625,40267.62
2019-06-02,69.6975,39714.2
2019-06-01,69.6975,39714.2
2019-05-31,69.6975,39714.2
2019-05-30,69.8763,39831.97
2019-05-29,69.8338,39502.05
2019-05-28,69.6837,39749.73
2019-05-27,69.5038,39683.29
2019-05-26,69.5262,39434.72
2019-05-25,69.5262,39434.72
2019-05-24,69.5262,39434.72
2019-05-23,70.0188,38811.39
2019-05-22,69.6687,39110.21
2019-05-21,69.7225,38969.8
2019-05-20,69.7425,39352.67
2019-05-19,70.26,37930.77
2019-05-18,70.26,37930.77
2019-05-17,70.26,37930.77
2019-05-16,70.0325,37393.48
2019-05-15,70.34,37114.88
2019-05-14,70.4575,37318.53
2019-05-13,70.535,37090.82
2019-05-12,69.9037,37462.99
2019-05-11,69.9037,37462.99
2019-05-10,69.9037,37462.99
2019-05-09,69.945,37558.91
2019-05-08,69.7125,37789.13
2019-05-07,69.43,38276.63
2019-05-06,69.405,38600.34
2019-05-05,69.2225,38963.26
2019-05-04,69.2225,38963.26
2019-05-03,69.2225,38963.26
2019-05-02,69.3675,38981.43
2019-05-01,69.5563,39031.55
2019-04-30,69.5563,39031.55
2019-04-29,70.0188,39067.33
2019-04-28,70.0188,39067.33
2019-04-27,70.0188,39067.33
2019-04-26,70.0188,39067.33
2019-04-25,70.2612,38730.86
2019-04-24,69.8675,39054.68
2019-04-23,69.63,38564.88
2019-04-22,69.67,38645.18
2019-04-21,69.3525,39140.28
2019-04-20,69.3525,39140.28
2019-04-19,69.3525,39140.28
2019-04-18,69.3525,39140.28
2019-04-17,69.605,39275.64
2019-04-16,69.605,39275.64
2019-04-15,69.4212,38905.84
2019-04-14,69.16,38767.11
2019-04-13,69.16,38767.11
2019-04-12,69.16,38767.11
2019-04-11,68.9362,38607.01
2019-04-10,69.115,38585.35
2019-04-09,69.3013,38939.22
2019-04-08,69.6763,38700.53
2019-04-07,69.23,38862.23
2019-04-06,69.23,38862.23
2019-04-05,69.23,38862.23
2019-04-04,69.1575,38684.72
2019-04-03,68.42,38877.12
2019-04-02,68.7425,39056.65
2019-04-01,69.1488,38871.87
2019-03-31,69.1488,38672.91
2019-03-30,69.1488,38672.91
2019-03-29,69.1488,38672.91
2019-03-28,69.34,38545.72
2019-03-27,68.875,38132.88
2019-03-26,68.86,38233.41
2019-03-25,68.94,37808.91
2019-03-24,68.985,38164.61
2019-03-23,68.985,38164.61
2019-03-22,68.985,38164.61
2019-03-21,68.83,38386.75
2019-03-20,68.83,38386.75
2019-03-19,68.9662,38363.47
2019-03-18,68.5338,38095.07
2019-03-17,69.0963,38024.32
2019-03-16,69.0963,38024.32
2019-03-15,69.0963,38024.32
2019-03-14,69.3525,37754.89
2019-03-13,69.5387,37752.17
2019-03-12,69.71,37535.66
2019-03-11,69.8862,37054.1
2019-03-10,70.1488,36671.43
2019-03-09,70.1488,36671.43
2019-03-08,70.1488,36671.43
2019-03-07,70.005,36725.42
2019-03-06,70.285,36636.1
2019-03-05,70.4912,36442.54
2019-03-04,70.91,36063.81
2019-03-03,70.91,36063.81
2019-03-02,70.91,36063.81
2019-03-01,70.91,36063.81
2019-02-28,70.745,35867.44
2019-02-27,71.2475,35905.43
2019-02-26,71.0688,35973.71
2019-02-25,70.98,36213.38
2019-02-24,71.14,35871.48
2019-02-23,71.14,35871.48
2019-02-22,71.14,35871.48
2019-02-21,71.2487,35898.35
2019-02-20,71.1087,35756.26
2019-02-19,71.3425,35352.61
2019-02-18,71.3425,35498.44
2019-02-17,71.2275,35808.95
2019-02-16,71.2275,35808.95
2019-02-15,71.2275,35808.95
2019-02-14,71.165,35876.22
2019-02-13,70.8025,36034.11
2019-02-12,70.6662,36153.62
2019-02-11,71.1775,36395.03
2019-02-10,71.3087,36546.48
2019-02-09,71.3087,36546.48
2019-02-08,71.3087,36546.48
2019-02-07,71.4538,36971.09
2019-02-06,71.5587,36975.23
2019-02-05,71.5675,36616.81
2019-02-04,71.805,36582.74
2019-02-03,71.255,36469.43
2019-02-02,71.255,36469.43
2019-02-01,71.255,36469.43
2019-01-31,71.085,36256.69
2019-01-30,71.1212,35591.25
2019-01-29,71.11,35592.5
2019-01-28,71.1087,35656.7
2019-01-27,71.175,36025.54
2019-01-26,71.175,36025.54
2019-01-25,71.175,36025.54
2019-01-24,71.0762,36195.1
2019-01-23,71.3338,36108.47
2019-01-22,71.4425,36444.64
2019-01-21,71.2813,36578.96
2019-01-20,71.1875,36386.61
2019-01-19,71.1875,36386.61
2019-01-18,71.1875,36386.61
2019-01-17,71.04,36374.08
2019-01-16,71.2375,36321.29
2019-01-15,71.04,36318.33
2019-01-14,70.93,35853.56
2019-01-13,70.495,36009.84
2019-01-12,70.495,36009.84
2019-01-11,70.495,36009.84
2019-01-10,70.4113,36106.5
2019-01-09,70.465,36212.91
2019-01-08,70.2025,35980.93
2019-01-07,69.685,35850.16
2019-01-06,69.7312,35695.1
2019-01-05,69.7312,35695.1
2019-01-04,69.7312,35695.1
2019-01-03,70.19,35513.71
2019-01-02,70.1738,35891.52
2019-01-01,69.4325,36254.57
2018-12-31,69.7712,36068.33
2018-12-30,69.9463,36076.72
2018-12-29,69.9463,36076.72
2018-12-28,69.9463,36076.72
2018-12-27,70.3525,35807.28
2018-12-26,70.075,35649.94
2018-12-25,70.145,35470.15
2018-12-24,70.145,35470.15
2018-12-23,70.1738,35742.07
2018-12-22,70.1738,35742.07
2018-12-21,70.1738,35742.07
2018-12-20,69.7075,36431.67
2018-12-19,70.3988,36484.33
2018-12-18,70.4225,36347.08
2018-12-17,71.555,36270.07
2018-12-16,71.8963,35962.93
2018-12-15,71.8963,35962.93
2018-12-14,71.8963,35962.93
2018-12-13,71.69,35929.64
2018-12-12,72.02,35779.07
2018-12-11,71.8575,35150.01
2018-12-10,71.3387,34959.72
2018-12-09,70.8112,35673.25
2018-12-08,70.8112,35673.25
2018-12-07,70.8112,35673.25
2018-12-06,70.9037,35312.13
2018-12-05,70.4662,35884.41
2018-12-04,70.505,36134.31
2018-12-03,70.4587,36241
2018-12-02,69.5837,36194.3
2018-12-01,69.5837,36194.3
2018-11-30,69.5837,36194.3
2018-11-29,69.845,36170.41
2018-11-28,70.6175,35716.95
2018-11-27,70.79,35513.14
2018-11-26,70.8688,35354.08
2018-11-25,70.6975,34981.02
2018-11-24,70.6975,34981.02
2018-11-23,70.6975,34981.02
2018-11-22,70.6975,34981.02
2018-11-21,71.4613,35199.8
2018-11-20,71.4613,35474.51
2018-11-19,71.6575,35774.88
2018-11-18,71.9275,35457.16
2018-11-17,71.9275,35457.16
2018-11-16,71.9275,35457.16
2018-11-15,71.9812,35260.54
2018-11-14,72.31,35141.99
2018-11-13,72.6738,35144.49
2018-11-12,72.89,34812.99
2018-11-11,72.495,35158.55
2018-11-10,72.495,35158.55
2018-11-09,72.495,35158.55
2018-11-08,73,35237.68
2018-11-07,73,35237.68
2018-11-06,73,34991.91
2018-11-05,73.1263,34950.92
2018-11-04,72.4375,35011.65
2018-11-03,72.4375,35011.65
2018-11-02,72.4375,35011.65
2018-11-01,73.4538,34431.97
2018-10-31,73.955,34442.05
2018-10-30,73.6775,33891.13
2018-10-29,73.445,34067.4
2018-10-28,73.4675,33349.31
2018-10-27,73.4675,33349.31
2018-10-26,73.4675,33349.31
2018-10-25,73.2738,33690.09
2018-10-24,73.155,34033.96
2018-10-23,73.5688,33847.23
2018-10-22,73.5638,34134.38
2018-10-21,73.325,34315.63
2018-10-20,73.325,34315.63
2018-10-19,73.325,34315.63
2018-10-18,73.61,34779.58
2018-10-17,73.61,34779.58
2018-10-16,73.4762,35162.48
2018-10-15,73.8213,34865.1
2018-10-14,73.5725,34733.58
2018-10-13,73.5725,34733.58
2018-10-12,73.5725,34733.58
2018-10-11,74.125,34001.15
2018-10-10,74.215,34760.89
2018-10-09,74.3925,34299.47
2018-10-08,74.0712,34474.38
2018-10-07,73.765,34376.99
2018-10-06,73.765,34376.99
2018-10-05,73.765,34376.99
2018-10-04,73.5825,35169.16
2018-10-03,73.3425,35975.63
2018-10-02,72.9125,36526.14
2018-10-01,72.9125,36526.14
2018-09-30,72.49,36227.14
2018-09-29,72.49,36227.14
2018-09-28,72.49,36227.14
2018-09-27,72.5975,36324.17
2018-09-26,72.62,36542.27
2018-09-25,72.695,36652.06
2018-09-24,72.6362,36305.02
2018-09-23,72.205,36841.6
2018-09-22,72.205,36841.6
2018-09-21,72.205,36841.6
2018-09-20,72.3788,37121.22
2018-09-19,72.3788,37121.22
2018-09-18,72.975,37290.67
2018-09-17,72.5088,37585.51
2018-09-16,71.855,38090.64
2018-09-15,71.855,38090.64
2018-09-14,71.855,38090.64
2018-09-13,72.1813,37717.96
2018-09-12,72.1813,37717.96
2018-09-11,72.695,37413.13
2018-09-10,72.4575,37922.17
2018-09-09,71.7363,38389.82
2018-09-08,71.7363,38389.82
2018-09-07,71.7363,38389.82
2018-09-06,71.9875,38242.81
2018-09-05,71.7625,38018.31
2018-09-04,71.575,38157.92
2018-09-03,71.22,38312.52
2018-09-02,70.9962,38645.07
2018-09-01,70.9962,38645.07
2018-08-31,70.9962,38645.07
2018-08-30,70.735,38690.1
2018-08-29,70.5925,38722.93
2018-08-28,70.105,38896.63
2018-08-27,70.16,38694.11
2018-08-26,69.9088,38251.8
2018-08-25,69.9088,38251.8
2018-08-24,69.9088,38251.8
2018-08-23,70.115,38336.76
2018-08-22,69.825,38285.75
2018-08-21,69.825,38285.75
2018-08-20,69.825,38278.75
2018-08-19,70.1575,37947.88
2018-08-18,70.1575,37947.88
2018-08-17,70.1575,37947.88
2018-08-16,70.1575,37663.56
2018-08-15,69.8963,37852
2018-08-14,69.8963,37852
2018-08-13,69.9337,37644.9
2018-08-12,68.835,37869.23
2018-08-11,68.835,37869.23
2018-08-10,68.835,37869.23
2018-08-09,68.6825,38024.37
2018-08-08,68.6288,37887.56
2018-08-07,68.685,37665.8
2018-08-06,68.89,37691.89
2018-08-05,68.61,37556.16
2018-08-04,68.61,37556.16
2018-08-03,68.61,37556.16
2018-08-02,68.71,37165.16
2018-08-01,68.4312,37521.62
2018-07-31,68.5475,37606.58
2018-07-30,68.68,37494.4
2018-07-29,68.6625,37336.85
2018-07-28,68.6625,37336.85
2018-07-27,68.6625,37336.85
2018-07-26,68.665,36984.64
2018-07-25,68.7863,36858.23
2018-07-24,68.9475,36825.1
2018-07-23,68.8625,36718.6
2018-07-22,68.8488,36496.37
2018-07-21,68.8488,36496.37
2018-07-20,68.8488,36496.37
2018-07-19,69.0525,36351.23
2018-07-18,68.6225,36373.44
2018-07-17,68.4612,36519.96
2018-07-16,68.5687,36323.77
2018-07-15,68.53,36541.63
2018-07-14,68.53,36541.63
2018-07-13,68.53,36541.63
2018-07-12,68.5712,36548.41
2018-07-11,68.7725,36265.93
2018-07-10,68.8213,36239.62
2018-07-09,68.72,35934.72
2018-07-08,68.8788,35657.86
2018-07-07,68.8788,35657.86
2018-07-06,68.8788,35657.86
2018-07-05,68.945,35574.55
2018-07-04,68.7437,35645.4
2018-07-03,68.5737,35378.6
2018-07-02,68.7988,35264.41
2018-07-01,68.47,35423.48
2018-06-30,68.47,35423.48
2018-06-29,68.47,35423.48
2018-06-28,68.7925,35037.64
2018-06-27,68.6338,35217.11
2018-06-26,68.2513,35490.04
2018-06-25,68.125,35470.35
2018-06-24,67.8325,35689.6
2018-06-23,67.8325,35689.6
2018-06-22,67.8325,35689.6
2018-06-21,67.9812,35432.39
2018-06-20,68.0762,35547.33
2018-06-19,68.385,35286.74
2018-06-18,67.9888,35548.26
2018-06-17,68.0175,35622.14
2018-06-16,68.0175,35622.14
2018-06-15,68.0175,35622.14
2018-06-14,67.6313,35599.82
2018-06-13,67.6438,35739.16
2018-06-12,67.4913,35692.52
2018-06-11,67.4275,35483.47
2018-06-10,67.5075,35443.67
2018-06-09,67.5075,35443.67
2018-06-08,67.5075,35443.67
2018-06-07,67.1362,35463.08
2018-06-06,66.9238,35178.88
2018-06-05,67.15,34903.21
2018-06-04,67.1125,35011.89
2018-06-03,67.0625,35227.26
2018-06-02,67.0625,35227.26
2018-06-01,67.0625,35227.26
2018-05-31,67.3963,35322.38
2018-05-30,67.4362,34906.11
2018-05-29,67.8725,34949.24
2018-05-28,67.4288,35165.48
2018-05-27,67.7713,34924.87
2018-05-26,67.7713,34924.87
2018-05-25,67.7713,34924.87
2018-05-24,68.345,34663.11
2018-05-23,68.4238,34344.91
2018-05-22,68.0462,34651.24
2018-05-21,68.1237,34616.13
2018-05-20,68.0088,34848.3
2018-05-19,68.0088,34848.3
2018-05-18,68.0088,34848.3
2018-05-17,67.6975,35149.12
2018-05-16,67.795,35387.88
2018-05-15,68.1075,35543.94
2018-05-14,67.515,35556.71
2018-05-13,67.3325,35535.79
2018-05-12,67.3325,35535.79
2018-05-11,67.3325,35535.79
2018-05-10,67.3188,35246.27
2018-05-09,67.275,35319.35
2018-05-08,67.0813,35216.32
2018-05-07,67.1413,35208.14
2018-05-06,66.87,34915.38
2018-05-05,66.87,34915.38
2018-05-04,66.87,34915.38
2018-05-03,66.6438,35103.14
2018-05-02,66.6625,35176.42
2018-05-01,66.6613,35160.36
2018-04-30,66.6613,35160.36
2018-04-29,66.6613,34969.7
2018-04-28,66.6613,34969.7
2018-04-27,66.6613,34969.7
2018-04-26,66.755,34713.6
2018-04-25,66.895,34501.27
2018-04-24,66.3875,34616.64
2018-04-23,66.48,34450.77
2018-04-22,66.1075,34415.58
2018-04-21,66.1075,34415.58
2018-04-20,66.1075,34415.58
2018-04-19,65.795,34427.29
2018-04-18,65.6625,34331.68
2018-04-17,65.645,34395.06
2018-04-16,65.4925,34305.43
2018-04-15,65.2112,34192.65
2018-04-14,65.2112,34192.65
2018-04-13,65.2112,34192.65
2018-04-12,65.2563,34101.13
2018-04-11,65.3087,33940.44
2018-04-10,64.9925,33880.25
2018-04-09,65.0275,33788.54
2018-04-08,64.9762,33626.97
2018-04-07,64.9762,33626.97
2018-04-06,64.9762,33626.97
2018-04-05,64.9625,33596.8
2018-04-04,65.1463,33019.07
2018-04-03,65.0112,33370.63
2018-04-02,65.1775,33255.36
2018-04-01,65.1775,32968.68
2018-03-31,65.1775,32968.68
2018-03-30,65.1775,32968.68
2018-03-29,65.1775,32968.68
2018-03-28,65.1775,32968.68
2018-03-27,64.97,33174.39
2018-03-26,64.8675,33066.41
2018-03-25,65.0137,32596.54
2018-03-24,65.0137,32596.54
2018-03-23,65.0137,32596.54
2018-03-22,65.1062,33006.27
2018-03-21,65.2075,33136.18
2018-03-20,65.1962,32996.76
2018-03-19,65.1775,32923.12
2018-03-18,64.94,33176
2018-03-17,64.94,33176
2018-03-16,64.94,33176
2018-03-15,64.9312,33685.54
2018-03-14,64.8325,33835.74
2018-03-13,64.8925,33856.78
2018-03-12,65.0425,33917.94
2018-03-11,65.165,33307.14
2018-03-10,65.165,33307.14
2018-03-09,65.165,33307.14
2018-03-08,65.1475,33351.57
2018-03-07,64.8887,33033.09
2018-03-06,64.9588,33317.2
2018-03-05,65.1125,33746.78
2018-03-04,65.165,34046.94
2018-03-03,65.165,34046.94
2018-03-02,65.165,34046.94
2018-03-01,65.165,34046.94
2018-02-28,65.1775,34184.04
2018-02-27,64.885,34346.39
2018-02-26,64.795,34445.75
2018-02-25,64.7287,34142.15
2018-02-24,64.7287,34142.15
2018-02-23,64.7287,34142.15
2018-02-22,65.045,33819.5
2018-02-21,64.7725,33844.86
2018-02-20,64.79,33703.59
2018-02-19,64.215,33774.66
2018-02-18,64.215,34010.76
2018-02-17,64.215,34010.76
2018-02-16,64.215,34010.76
2018-02-15,63.91,34297.47
2018-02-14,64.0862,34155.95
2018-02-13,64.3125,34300.47
2018-02-12,64.3125,34300.47
2018-02-11,64.3975,34005.76
2018-02-10,64.3975,34005.76
2018-02-09,64.3975,34005.76
2018-02-08,64.2563,34413.16
2018-02-07,64.285,34082.71
2018-02-06,64.25,34195.94
2018-02-05,64.065,34757.16
2018-02-04,64.065,35066.75
2018-02-03,64.065,35066.75
2018-02-02,64.065,35066.75
2018-02-01,64.0225,35906.66
2018-01-31,63.5863,35965.02
2018-01-30,63.61,36033.73
2018-01-29,63.5875,36283.25
2018-01-28,63.5425,36050.44
2018-01-27,63.5425,36050.44
2018-01-26,63.5425,36050.44
2018-01-25,63.5425,36050.44
2018-01-24,63.6925,36161.64
2018-01-23,63.7787,36139.98
2018-01-22,63.87,35798.01
2018-01-21,63.845,35511.58
2018-01-20,63.845,35511.58
2018-01-19,63.845,35511.58
2018-01-18,63.86,35260.29
2018-01-17,63.89,35081.82
2018-01-16,64.0425,34771.05
2018-01-15,63.4925,34843.51
2018-01-14,63.6287,34592.39
2018-01-13,63.6287,34592.39
2018-01-12,63.6287,34592.39
2018-01-11,63.665,34503.49
2018-01-10,63.5975,34433.07
2018-01-09,63.7162,34443.19
2018-01-08,63.505,34352.79
2018-01-07,63.3713,34153.85
2018-01-06,63.3713,34153.85
2018-01-05,63.3713,34153.85
2018-01-04,63.41,33969.64
2018-01-03,63.535,33793.38
2018-01-02,63.4812,33812.26
2018-01-01,63.675,33812.75
2017-12-31,63.8713,34056.83
2017-12-30,63.8713,34056.83
2017-12-29,63.8713,34056.83
2017-12-28,64.08,33848.03
2017-12-27,64.1525,33911.81
2017-12-26,64.0788,34010.61
2017-12-25,64.0425,33940.3
2017-12-24,64.0425,33940.3
2017-12-23,64.0425,33940.3
2017-12-22,64.0425,33940.3
2017-12-21,64.0625,33756.28
2017-12-20,64.1138,33777.38
2017-12-19,64.035,33836.74
2017-12-18,64.235,33601.68
2017-12-17,64.045,33462.97
2017-12-16,64.045,33462.97
2017-12-15,64.045,33462.97
2017-12-14,64.345,33246.7
2017-12-13,64.44,33053.04
2017-12-12,64.395,33227.99
2017-12-11,64.37,33455.79
2017-12-10,64.4575,33250.3
2017-12-09,64.4575,33250.3
2017-12-08,64.4575,33250.3
2017-12-07,64.57,32949.21
2017-12-06,64.5188,32597.18
2017-12-05,64.385,32802.44
2017-12-04,64.3737,32869.72
2017-12-03,64.4588,32832.94
2017-12-02,64.4588,32832.94
2017-12-01,64.4588,32832.94
2017-11-30,64.4588,33149.35
2017-11-29,64.32,33602.76
2017-11-28,64.4113,33618.59
2017-11-27,64.5025,33724.44
2017-11-26,64.7,33679.24
2017-11-25,64.7,33679.24
2017-11-24,64.7,33679.24
2017-11-23,64.575,33588.08
2017-11-22,64.925,33561.55
2017-11-21,64.8938,33478.35
2017-11-20,65.09,33359.9
2017-11-19,65.015,33342.8
2017-11-18,65.015,33342.8
2017-11-17,65.015,33342.8
2017-11-16,65.3225,33106.82
2017-11-15,65.21,32760.44
2017-11-14,65.4187,32941.87
2017-11-13,65.4287,33033.56
2017-11-12,65.1675,33314.56
2017-11-11,65.1675,33314.56
2017-11-10,65.1675,33314.56
2017-11-09,64.9425,33250.93
2017-11-08,64.9575,33218.81
2017-11-07,65.03,33370.76
2017-11-06,64.68,33731.19
2017-11-05,64.5475,33685.56
2017-11-04,64.5475,33685.56
2017-11-03,64.5475,33685.56
2017-11-02,64.6113,33573.22
2017-11-01,64.5975,33600.27
2017-10-31,64.7462,33213.13
2017-10-30,64.8512,33266.16
2017-10-29,65.05,33157.22
2017-10-28,65.05,33157.22
2017-10-27,65.05,33157.22
2017-10-26,64.8225,33147.13
2017-10-25,64.8975,33042.5
2017-10-24,65.0675,32607.34
2017-10-23,65.0175,32506.72
2017-10-22,65.04,32389.96
2017-10-21,65.04,32389.96
2017-10-20,65.04,32389.96
2017-10-19,65.04,32389.96
2017-10-18,65.04,32584.35
2017-10-17,65.025,32609.16
2017-10-16,64.72,32633.64
2017-10-15,64.9288,32432.69
2017-10-14,64.9288,32432.69
2017-10-13,64.9288,32432.69
2017-10-12,65.0875,32182.22
2017-10-11,65.14,31833.99
2017-10-10,65.2838,31924.41
2017-10-09,65.3587,31846.89
2017-10-08,65.3687,31814.22
2017-10-07,65.3687,31814.22
2017-10-06,65.3687,31814.22
2017-10-05,65.1425,31592.03
2017-10-04,65.01,31671.71
2017-10-03,65.5,31497.38
2017-10-02,65.2762,31283.72
2017-10-01,65.2762,31283.72
2017-09-30,65.2762,31283.72
2017-09-29,65.2762,31283.72
2017-09-28,65.5087,31282.48
2017-09-27,65.7087,31159.81
2017-09-26,65.445,31599.76
2017-09-25,65.1225,31626.63
2017-09-24,64.7962,31922.44
2017-09-23,64.7962,31922.44
2017-09-22,64.7962,31922.44
2017-09-21,64.7962,32370.04
2017-09-20,64.2712,32400.51
2017-09-19,64.3288,32402.37
2017-09-18,64.1375,32423.76
2017-09-17,64.0813,32272.61
2017-09-16,64.0813,32272.61
2017-09-15,64.0813,32272.61
2017-09-14,64.1225,32241.93
2017-09-13,63.9975,32186.41
2017-09-12,64.0437,32158.66
2017-09-11,63.9313,31882.16
2017-09-10,63.7875,31687.52
2017-09-09,63.7875,31687.52
2017-09-08,63.7875,31687.52
2017-09-07,64.0475,31662.74
2017-09-06,64.1062,31661.97
2017-09-05,64.1337,31809.55
2017-09-04,64.05,31702.25
2017-09-03,64.03,31892.23
2017-09-02,64.03,31892.23
2017-09-01,64.03,31892.23
2017-08-31,63.9063,31730.49
2017-08-30,63.9912,31646.46
2017-08-29,64.0225,31388.39
2017-08-28,63.915,31750.82
2017-08-27,64.0338,31596.06
2017-08-26,64.0338,31596.06
2017-08-25,64.0338,31596.06
2017-08-24,64.0338,31596.06
2017-08-23,64.115,31568.01
2017-08-22,64.1025,31291.85
2017-08-21,64.1387,31258.85
2017-08-20,64.1463,31524.68
2017-08-19,64.1463,31524.68
2017-08-18,64.1463,31524.68
2017-08-17,64.1525,31795.46
2017-08-16,64.1525,31770.89
2017-08-15,64.1212,31449.03
2017-08-14,64.1212,31449.03
2017-08-13,64.1375,31213.59
2017-08-12,64.1375,31213.59
2017-08-11,64.1375,31213.59
2017-08-10,64.08,31531.33
2017-08-09,63.8363,31797.84
2017-08-08,63.6325,32014.19
2017-08-07,63.81,32273.67
2017-08-06,63.5825,32325.41
2017-08-05,63.5825,32325.41
2017-08-04,63.5825,32325.41
2017-08-03,63.6937,32237.88
2017-08-02,63.7025,32476.74
2017-08-01,64.08,32575.17
2017-07-31,64.1875,32514.94
2017-07-30,64.1525,32309.88
2017-07-29,64.1525,32309.88
2017-07-28,64.1525,32309.88
2017-07-27,64.11,32383.3
2017-07-26,64.3687,32382.46
2017-07-25,64.3813,32228.27
2017-07-24,64.34,32245.87
2017-07-23,64.3187,32028.89
2017-07-22,64.3187,32028.89
2017-07-21,64.3187,32028.89
2017-07-20,64.43,31904.4
2017-07-19,64.2825,31955.35
2017-07-18,64.3338,31710.99
2017-07-17,64.3525,32074.78
2017-07-16,64.445,32020.75
2017-07-15,64.445,32020.75
2017-07-14,64.445,32020.75
2017-07-13,64.4438,32037.38
2017-07-12,64.54,31804.82
2017-07-11,64.5925,31747.09
2017-07-10,64.5375,31715.64
2017-07-09,64.595,31360.63
2017-07-08,64.595,31360.63
2017-07-07,64.595,31360.63
2017-07-06,64.7762,31369.34
2017-07-05,64.78,31245.56
2017-07-04,64.74,31209.79
2017-07-03,64.875,31221.62
2017-07-02,64.5788,30921.61
2017-07-01,64.5788,30921.61
2017-06-30,64.5788,30921.61
2017-06-29,64.6288,30857.52
2017-06-28,64.5513,30834.32
2017-06-27,64.5338,30958.25
2017-06-26,64.5175,31138.21
2017-06-25,64.5175,31138.21
2017-06-24,64.5175,31138.21
2017-06-23,64.5175,31138.21
2017-06-22,64.595,31290.74
2017-06-21,64.5225,31283.64
2017-06-20,64.5025,31297.53
2017-06-19,64.4275,31311.57
2017-06-18,64.4288,31056.4
2017-06-17,64.4288,31056.4
2017-06-16,64.4288,31056.4
2017-06-15,64.535,31075.73
2017-06-14,64.295,31155.91
2017-06-13,64.34,31103.49
2017-06-12,64.4438,31095.7
2017-06-11,64.2538,31262.06
2017-06-10,64.2538,31262.06
2017-06-09,64.2538,31262.06
2017-06-08,64.2125,31213.36
2017-06-07,64.3338,31271.28
2017-06-06,64.4275,31190.56
2017-06-05,64.365,31309.49
2017-06-04,64.4413,31273.29
2017-06-03,64.4413,31273.29
2017-06-02,64.4413,31273.29
2017-06-01,64.4775,31137.59
2017-05-31,64.5112,31145.8
2017-05-30,64.665,31159.4
2017-05-29,64.495,31109.28
2017-05-28,64.445,31028.21
2017-05-27,64.445,31028.21
2017-05-26,64.445,31028.21
2017-05-25,64.6225,30750.03
2017-05-24,64.74,30301.64
2017-05-23,64.89,30365.25
2017-05-22,64.5488,30570.97
2017-05-21,64.6375,30464.92
2017-05-20,64.6375,30464.92
2017-05-19,64.6375,30464.92
2017-05-18,64.845,30434.79
2017-05-17,64.1563,30658.77
2017-05-16,64.0775,30582.6
2017-05-15,64.0612,30322.12
2017-05-14,64.31,30188.15
2017-05-13,64.31,30188.15
2017-05-12,64.31,30188.15
2017-05-11,64.3763,30250.98
2017-05-10,64.6263,30248.17
2017-05-09,64.6263,29933.25
2017-05-08,64.305,29926.15
2017-05-07,64.375,29858.8
2017-05-06,64.375,29858.8
2017-05-05,64.375,29858.8
2017-05-04,64.175,30126.21
2017-05-03,64.1487,29894.8
2017-05-02,64.2125,29921.18
2017-05-01,64.245,29918.4
2017-04-30,64.245,29918.4
2017-04-29,64.245,29918.4
2017-04-28,64.245,29918.4
2017-04-27,64.1537,30029.74
2017-04-26,64.115,30133.35
2017-04-25,64.2725,29943.24
2017-04-24,64.4375,29655.84
2017-04-23,64.6113,29365.3
2017-04-22,64.6113,29365.3
2017-04-21,64.6113,29365.3
2017-04-20,64.56,29422.39
2017-04-19,64.5775,29336.57
2017-04-18,64.6288,29319.1
2017-04-17,64.515,29413.66
2017-04-16,64.4113,29461.45
2017-04-15,64.4113,29461.45
2017-04-14,64.4113,29461.45
2017-04-13,64.4113,29461.45
2017-04-12,64.6712,29643.48
2017-04-11,64.5,29788.35
2017-04-10,64.565,29575.74
2017-04-09,64.28,29706.61
2017-04-08,64.28,29706.61
2017-04-07,64.28,29706.61
2017-04-06,64.5338,29927.34
2017-04-05,64.8825,29974.24
2017-04-04,65.0262,29910.22
2017-04-03,65.0262,29910.22
2017-04-02,64.85,29620.5
2017-04-01,64.85,29620.5
2017-03-31,64.85,29620.5
2017-03-30,64.9187,29647.42
2017-03-29,64.9113,29531.43
2017-03-28,65.045,29409.52
2017-03-27,65.045,29237.15
2017-03-26,65.415,29421.4
2017-03-25,65.415,29421.4
2017-03-24,65.415,29421.4
2017-03-23,65.53,29332.16
2017-03-22,65.4425,29167.68
2017-03-21,65.28,29485.45
2017-03-20,65.36,29518.74
2017-03-19,65.475,29648.99